student_id,Q1,Q2,Q3,Q4,Q5,Q6,Q7,Q8,Q9,Q10,Q11,Q12,Target_Level
STD_0001,1_A,2_C,3_C,4_B,5_A,6_A,7_B,8_B,9_C,10_B,11_B,12_B,NSI
STD_0002,1_B,2_C,3_B,4_C,5_C,6_A,7_A,8_C,9_C,10_B,11_A,12_A,Basic
STD_0003,1_C,2_A,3_B,4_A,5_B,6_B,7_A,8_B,9_B,10_A,11_B,12_B,Advanced
STD_0004,1_B,2_B,3_B,4_C,5_C,6_B,7_B,8_B,9_B,10_B,11_B,12_A,Basic
STD_0005,1_C,2_A,3_B,4_C,5_B,6_B,7_B,8_B,9_B,10_A,11_B,12_B,Proficient
STD_0006,1_C,2_C,3_A,4_A,5_C,6_A,7_B,8_C,9_A,10_A,11_B,12_A,Basic
STD_0007,1_A,2_A,3_C,4_B,5_A,6_A,7_C,8_B,9_B,10_A,11_B,12_C,Basic
STD_0008,1_C,2_C,3_A,4_B,5_A,6_C,7_C,8_A,9_B,10_B,11_A,12_C,NSI
STD_0009,1_A,2_A,3_A,4_A,5_C,6_B,7_C,8_C,9_C,10_A,11_B,12_C,Basic
STD_0010,1_A,2_C,3_C,4_C,5_B,6_A,7_A,8_C,9_C,10_B,11_C,12_C,Basic
STD_0011,1_C,2_A,3_B,4_A,5_C,6_C,7_A,8_B,9_C,10_B,11_A,12_C,Basic
STD_0012,1_A,2_B,3_B,4_B,5_C,6_A,7_B,8_B,9_C,10_B,11_C,12_B,Basic
STD_0013,1_A,2_C,3_C,4_B,5_A,6_C,7_B,8_A,9_C,10_C,11_A,12_C,NSI
STD_0014,1_B,2_B,3_A,4_B,5_A,6_A,7_B,8_B,9_B,10_A,11_A,12_A,Basic
STD_0015,1_A,2_B,3_A,4_B,5_C,6_C,7_C,8_C,9_A,10_B,11_A,12_B,NSI
STD_0016,1_A,2_B,3_C,4_B,5_C,6_C,7_A,8_A,9_A,10_B,11_A,12_A,NSI
STD_0017,1_A,2_C,3_A,4_B,5_A,6_A,7_A,8_A,9_A,10_B,11_C,12_C,NSI
STD_0018,1_C,2_B,3_A,4_A,5_A,6_A,7_C,8_B,9_A,10_C,11_B,12_A,NSI
STD_0019,1_C,2_A,3_A,4_A,5_A,6_B,7_C,8_B,9_C,10_A,11_C,12_C,Basic
STD_0020,1_C,2_A,3_B,4_C,5_B,6_B,7_A,8_B,9_B,10_A,11_C,12_B,Advanced
STD_0021,1_B,2_A,3_B,4_C,5_B,6_A,7_C,8_C,9_C,10_B,11_B,12_A,Basic
STD_0022,1_B,2_A,3_B,4_A,5_B,6_B,7_A,8_B,9_A,10_A,11_C,12_A,Proficient
STD_0023,1_C,2_B,3_C,4_C,5_A,6_B,7_B,8_B,9_C,10_C,11_A,12_C,NSI
STD_0024,1_B,2_A,3_C,4_C,5_C,6_C,7_A,8_C,9_C,10_C,11_C,12_A,Basic
STD_0025,1_C,2_A,3_B,4_B,5_B,6_B,7_B,8_B,9_B,10_A,11_B,12_B,Proficient
STD_0026,1_B,2_B,3_A,4_C,5_A,6_A,7_C,8_A,9_A,10_C,11_A,12_A,NSI
STD_0027,1_B,2_B,3_A,4_B,5_A,6_A,7_A,8_A,9_A,10_C,11_A,12_B,NSI
STD_0028,1_C,2_A,3_B,4_A,5_B,6_B,7_B,8_B,9_B,10_A,11_B,12_B,Advanced
STD_0029,1_C,2_A,3_B,4_A,5_B,6_B,7_A,8_B,9_B,10_A,11_B,12_B,Advanced
STD_0030,1_B,2_B,3_A,4_B,5_A,6_B,7_A,8_A,9_A,10_C,11_C,12_C,Basic
STD_0031,1_A,2_C,3_B,4_C,5_C,6_B,7_B,8_C,9_A,10_A,11_C,12_A,Basic
STD_0032,1_A,2_B,3_A,4_B,5_C,6_A,7_C,8_A,9_A,10_B,11_A,12_C,NSI
STD_0033,1_C,2_A,3_B,4_A,5_A,6_B,7_A,8_C,9_B,10_A,11_B,12_B,Proficient
STD_0034,1_A,2_B,3_A,4_C,5_C,6_C,7_C,8_A,9_A,10_C,11_A,12_A,NSI
STD_0035,1_B,2_A,3_B,4_C,5_C,6_A,7_C,8_C,9_C,10_C,11_B,12_C,Basic
STD_0036,1_A,2_A,3_C,4_B,5_C,6_C,7_A,8_C,9_A,10_C,11_A,12_A,NSI
STD_0037,1_B,2_C,3_C,4_C,5_B,6_B,7_B,8_C,9_C,10_B,11_C,12_B,Basic
STD_0038,1_A,2_C,3_B,4_C,5_C,6_A,7_B,8_C,9_C,10_A,11_A,12_A,Basic
STD_0039,1_A,2_C,3_A,4_C,5_C,6_C,7_A,8_A,9_C,10_C,11_A,12_C,NSI
STD_0040,1_B,2_B,3_C,4_A,5_A,6_A,7_A,8_A,9_A,10_B,11_A,12_C,NSI
STD_0041,1_B,2_A,3_B,4_C,5_A,6_C,7_B,8_B,9_A,10_C,11_A,12_A,Basic
STD_0042,1_C,2_A,3_B,4_A,5_B,6_B,7_A,8_B,9_B,10_A,11_B,12_B,Advanced
STD_0043,1_C,2_A,3_B,4_A,5_B,6_B,7_A,8_B,9_B,10_A,11_B,12_C,Proficient
STD_0044,1_C,2_A,3_B,4_A,5_B,6_B,7_A,8_A,9_B,10_A,11_B,12_B,Advanced
STD_0045,1_A,2_B,3_A,4_C,5_A,6_C,7_B,8_B,9_A,10_B,11_C,12_C,NSI
STD_0046,1_C,2_B,3_A,4_C,5_C,6_C,7_B,8_B,9_C,10_B,11_C,12_A,Basic
STD_0047,1_B,2_C,3_C,4_C,5_A,6_B,7_B,8_C,9_A,10_A,11_A,12_A,Basic
STD_0048,1_C,2_A,3_B,4_A,5_C,6_B,7_A,8_A,9_A,10_A,11_B,12_C,Proficient
STD_0049,1_B,2_B,3_C,4_B,5_C,6_A,7_C,8_A,9_A,10_C,11_C,12_B,NSI
STD_0050,1_B,2_B,3_A,4_C,5_B,6_B,7_B,8_C,9_B,10_A,11_B,12_C,Basic
STD_0051,1_A,2_B,3_A,4_C,5_C,6_C,7_B,8_A,9_A,10_C,11_B,12_B,NSI
STD_0052,1_B,2_B,3_C,4_A,5_B,6_B,7_A,8_C,9_C,10_B,11_C,12_C,Basic
STD_0053,1_B,2_A,3_B,4_A,5_B,6_B,7_B,8_C,9_C,10_B,11_C,12_B,Basic
STD_0054,1_A,2_B,3_A,4_B,5_B,6_A,7_B,8_C,9_B,10_A,11_B,12_C,Basic
STD_0055,1_C,2_A,3_C,4_B,5_C,6_B,7_C,8_A,9_C,10_B,11_C,12_C,Basic
STD_0056,1_B,2_A,3_A,4_C,5_C,6_C,7_A,8_C,9_C,10_B,11_C,12_A,Basic
STD_0057,1_C,2_A,3_C,4_A,5_B,6_B,7_A,8_B,9_B,10_A,11_B,12_B,Proficient
STD_0058,1_A,2_B,3_A,4_B,5_A,6_A,7_B,8_A,9_A,10_C,11_C,12_C,NSI
STD_0059,1_C,2_B,3_B,4_B,5_A,6_B,7_B,8_C,9_A,10_A,11_C,12_A,Basic
STD_0060,1_C,2_B,3_B,4_C,5_C,6_B,7_B,8_C,9_C,10_C,11_A,12_C,Basic
STD_0061,1_A,2_C,3_C,4_B,5_A,6_A,7_C,8_B,9_A,10_C,11_C,12_A,NSI
STD_0062,1_A,2_A,3_A,4_B,5_C,6_A,7_B,8_A,9_A,10_C,11_A,12_C,NSI
STD_0063,1_C,2_B,3_B,4_A,5_C,6_B,7_C,8_A,9_B,10_A,11_B,12_B,Proficient
STD_0064,1_C,2_A,3_B,4_A,5_B,6_B,7_A,8_B,9_B,10_A,11_B,12_B,Advanced
STD_0065,1_A,2_A,3_A,4_A,5_C,6_A,7_A,8_B,9_B,10_C,11_B,12_A,Basic
STD_0066,1_C,2_A,3_B,4_A,5_B,6_B,7_A,8_C,9_C,10_A,11_B,12_B,Proficient
STD_0067,1_C,2_B,3_B,4_A,5_A,6_A,7_C,8_C,9_C,10_C,11_A,12_B,Basic
STD_0068,1_A,2_C,3_C,4_A,5_A,6_A,7_B,8_A,9_A,10_B,11_A,12_A,NSI
STD_0069,1_A,2_A,3_A,4_C,5_A,6_B,7_A,8_C,9_B,10_A,11_C,12_A,Basic
STD_0070,1_C,2_A,3_B,4_A,5_B,6_B,7_A,8_B,9_B,10_A,11_B,12_B,Advanced
STD_0071,1_C,2_A,3_B,4_A,5_B,6_B,7_A,8_B,9_B,10_A,11_B,12_B,Advanced
STD_0072,1_C,2_A,3_B,4_A,5_C,6_B,7_A,8_B,9_B,10_A,11_B,12_B,Advanced
STD_0073,1_C,2_A,3_C,4_C,5_B,6_B,7_B,8_C,9_C,10_A,11_B,12_C,Basic
STD_0074,1_A,2_C,3_C,4_C,5_C,6_A,7_B,8_A,9_A,10_C,11_A,12_C,NSI
STD_0075,1_B,2_C,3_A,4_A,5_A,6_C,7_B,8_B,9_C,10_B,11_B,12_C,Basic
STD_0076,1_B,2_A,3_A,4_C,5_A,6_A,7_C,8_C,9_B,10_A,11_B,12_A,Basic
STD_0077,1_A,2_B,3_C,4_C,5_C,6_A,7_B,8_A,9_A,10_B,11_A,12_A,NSI
STD_0078,1_A,2_B,3_A,4_B,5_A,6_C,7_A,8_A,9_A,10_C,11_A,12_B,NSI
STD_0079,1_B,2_A,3_B,4_A,5_B,6_B,7_A,8_B,9_B,10_B,11_B,12_B,Proficient
STD_0080,1_A,2_C,3_A,4_B,5_B,6_C,7_C,8_A,9_B,10_C,11_C,12_C,NSI
STD_0081,1_A,2_C,3_C,4_A,5_B,6_A,7_C,8_A,9_C,10_B,11_A,12_A,NSI
STD_0082,1_C,2_A,3_B,4_A,5_B,6_B,7_A,8_B,9_B,10_A,11_B,12_B,Advanced
STD_0083,1_B,2_B,3_A,4_C,5_B,6_A,7_C,8_A,9_A,10_B,11_A,12_A,NSI
STD_0084,1_A,2_B,3_B,4_A,5_B,6_B,7_A,8_C,9_C,10_A,11_B,12_B,Basic
STD_0085,1_A,2_A,3_A,4_B,5_A,6_A,7_C,8_A,9_A,10_C,11_A,12_C,NSI
STD_0086,1_B,2_C,3_C,4_B,5_B,6_B,7_B,8_A,9_A,10_C,11_A,12_B,NSI
STD_0087,1_C,2_A,3_B,4_A,5_C,6_C,7_B,8_A,9_C,10_B,11_A,12_B,Basic
STD_0088,1_A,2_C,3_A,4_B,5_A,6_B,7_A,8_A,9_A,10_B,11_A,12_C,NSI
STD_0089,1_B,2_B,3_B,4_C,5_B,6_B,7_B,8_B,9_C,10_A,11_B,12_B,Proficient
STD_0090,1_A,2_C,3_A,4_C,5_A,6_A,7_C,8_C,9_B,10_B,11_A,12_A,NSI
STD_0091,1_C,2_B,3_A,4_A,5_C,6_A,7_B,8_C,9_B,10_A,11_B,12_B,Basic
STD_0092,1_A,2_B,3_A,4_B,5_A,6_B,7_B,8_C,9_A,10_C,11_A,12_B,NSI
STD_0093,1_A,2_C,3_A,4_B,5_A,6_B,7_A,8_A,9_A,10_B,11_C,12_B,NSI
STD_0094,1_C,2_A,3_B,4_A,5_B,6_B,7_A,8_B,9_B,10_A,11_B,12_B,Advanced
STD_0095,1_C,2_B,3_A,4_C,5_B,6_A,7_C,8_C,9_C,10_A,11_C,12_B,Basic
STD_0096,1_C,2_A,3_C,4_A,5_B,6_B,7_B,8_B,9_C,10_A,11_C,12_C,Proficient
STD_0097,1_A,2_C,3_A,4_B,5_A,6_B,7_B,8_A,9_C,10_C,11_C,12_A,NSI
STD_0098,1_A,2_B,3_C,4_C,5_A,6_C,7_B,8_A,9_A,10_C,11_A,12_C,NSI
STD_0099,1_B,2_C,3_A,4_C,5_C,6_B,7_B,8_B,9_A,10_B,11_B,12_A,Basic
STD_0100,1_B,2_C,3_A,4_A,5_A,6_A,7_B,8_A,9_C,10_C,11_C,12_C,Basic
STD_0101,1_B,2_C,3_B,4_C,5_C,6_B,7_B,8_B,9_A,10_A,11_C,12_A,Basic
STD_0102,1_A,2_C,3_B,4_B,5_A,6_C,7_B,8_A,9_A,10_C,11_C,12_A,NSI
STD_0103,1_C,2_A,3_B,4_A,5_B,6_B,7_A,8_B,9_B,10_A,11_B,12_B,Advanced
STD_0104,1_A,2_C,3_A,4_C,5_B,6_B,7_B,8_C,9_C,10_B,11_A,12_B,Basic
STD_0105,1_C,2_A,3_B,4_A,5_B,6_B,7_B,8_B,9_B,10_A,11_B,12_B,Proficient
STD_0106,1_C,2_C,3_C,4_A,5_C,6_B,7_B,8_C,9_C,10_A,11_C,12_B,Basic
STD_0107,1_A,2_B,3_A,4_B,5_C,6_A,7_C,8_A,9_C,10_C,11_C,12_A,NSI
STD_0108,1_B,2_C,3_A,4_B,5_A,6_B,7_C,8_C,9_C,10_A,11_C,12_A,Basic
STD_0109,1_C,2_A,3_B,4_A,5_B,6_B,7_A,8_B,9_B,10_A,11_C,12_A,Advanced
STD_0110,1_B,2_B,3_B,4_B,5_C,6_B,7_B,8_A,9_C,10_A,11_C,12_A,Basic
STD_0111,1_C,2_A,3_B,4_A,5_B,6_B,7_A,8_B,9_B,10_A,11_C,12_B,Advanced
STD_0112,1_B,2_B,3_A,4_A,5_A,6_C,7_A,8_A,9_B,10_C,11_A,12_B,NSI
STD_0113,1_A,2_C,3_C,4_B,5_A,6_C,7_B,8_B,9_A,10_B,11_C,12_A,NSI
STD_0114,1_A,2_A,3_B,4_A,5_C,6_A,7_B,8_C,9_B,10_A,11_C,12_C,Basic
STD_0115,1_C,2_C,3_A,4_B,5_A,6_A,7_C,8_C,9_A,10_C,11_A,12_C,NSI
STD_0116,1_B,2_B,3_C,4_A,5_A,6_A,7_A,8_C,9_B,10_A,11_C,12_A,Basic
STD_0117,1_A,2_B,3_C,4_C,5_C,6_A,7_B,8_A,9_A,10_C,11_B,12_A,NSI
STD_0118,1_C,2_B,3_A,4_B,5_C,6_A,7_C,8_A,9_C,10_B,11_A,12_A,Basic
STD_0119,1_C,2_A,3_B,4_A,5_B,6_B,7_A,8_B,9_B,10_A,11_B,12_B,Advanced
STD_0120,1_A,2_B,3_C,4_B,5_C,6_C,7_C,8_C,9_C,10_B,11_A,12_C,NSI
STD_0121,1_A,2_C,3_A,4_B,5_C,6_B,7_A,8_B,9_A,10_C,11_B,12_C,NSI
STD_0122,1_B,2_B,3_C,4_B,5_A,6_C,7_C,8_C,9_A,10_C,11_A,12_C,NSI
STD_0123,1_B,2_A,3_C,4_C,5_A,6_C,7_B,8_C,9_C,10_A,11_C,12_B,Basic
STD_0124,1_A,2_C,3_A,4_B,5_C,6_C,7_C,8_A,9_A,10_A,11_A,12_B,NSI
STD_0125,1_C,2_A,3_C,4_A,5_C,6_B,7_A,8_C,9_C,10_A,11_B,12_A,Proficient
STD_0126,1_C,2_A,3_B,4_A,5_B,6_B,7_A,8_B,9_B,10_A,11_B,12_B,Advanced
STD_0127,1_B,2_C,3_A,4_B,5_C,6_B,7_A,8_A,9_A,10_C,11_A,12_C,NSI
STD_0128,1_A,2_B,3_A,4_C,5_A,6_A,7_C,8_A,9_A,10_C,11_A,12_C,NSI
STD_0129,1_A,2_B,3_A,4_C,5_C,6_C,7_B,8_B,9_C,10_C,11_A,12_B,NSI
STD_0130,1_B,2_C,3_B,4_B,5_B,6_B,7_C,8_B,9_A,10_C,11_A,12_C,Basic
STD_0131,1_A,2_C,3_C,4_B,5_C,6_B,7_B,8_A,9_A,10_C,11_A,12_C,NSI
STD_0132,1_B,2_B,3_A,4_A,5_C,6_A,7_C,8_C,9_A,10_B,11_A,12_A,NSI
STD_0133,1_A,2_C,3_A,4_A,5_A,6_A,7_C,8_A,9_A,10_C,11_A,12_C,NSI
STD_0134,1_C,2_C,3_B,4_C,5_C,6_B,7_C,8_A,9_A,10_C,11_A,12_C,Basic
STD_0135,1_C,2_A,3_B,4_A,5_B,6_B,7_A,8_C,9_C,10_A,11_B,12_B,Proficient
STD_0136,1_A,2_B,3_C,4_C,5_B,6_C,7_A,8_C,9_C,10_B,11_C,12_C,Basic
STD_0137,1_B,2_B,3_B,4_B,5_C,6_B,7_A,8_B,9_B,10_B,11_B,12_A,Basic
STD_0138,1_C,2_B,3_B,4_B,5_C,6_B,7_C,8_A,9_C,10_C,11_A,12_C,Basic
STD_0139,1_B,2_C,3_C,4_B,5_A,6_C,7_A,8_C,9_B,10_A,11_C,12_A,Basic
STD_0140,1_B,2_B,3_B,4_B,5_B,6_B,7_B,8_A,9_A,10_A,11_C,12_B,Basic
STD_0141,1_C,2_A,3_B,4_A,5_B,6_B,7_A,8_B,9_B,10_A,11_B,12_B,Advanced
STD_0142,1_C,2_A,3_B,4_A,5_B,6_B,7_A,8_B,9_B,10_A,11_B,12_B,Advanced
STD_0143,1_A,2_C,3_B,4_C,5_B,6_C,7_C,8_A,9_A,10_C,11_C,12_A,NSI
STD_0144,1_A,2_B,3_C,4_B,5_A,6_C,7_C,8_A,9_A,10_B,11_B,12_C,NSI
STD_0145,1_A,2_B,3_C,4_B,5_A,6_A,7_B,8_C,9_A,10_B,11_A,12_B,NSI
STD_0146,1_B,2_B,3_B,4_B,5_C,6_C,7_A,8_C,9_A,10_A,11_B,12_A,Basic
STD_0147,1_A,2_B,3_A,4_B,5_B,6_A,7_B,8_C,9_C,10_C,11_C,12_A,Basic
STD_0148,1_C,2_C,3_A,4_B,5_A,6_A,7_C,8_A,9_C,10_B,11_B,12_B,Basic
STD_0149,1_B,2_A,3_B,4_C,5_A,6_B,7_B,8_C,9_C,10_B,11_A,12_B,Basic
STD_0150,1_C,2_A,3_B,4_C,5_C,6_B,7_B,8_C,9_C,10_A,11_C,12_B,Basic
STD_0151,1_B,2_B,3_C,4_B,5_B,6_C,7_B,8_A,9_A,10_B,11_A,12_B,NSI
STD_0152,1_A,2_B,3_C,4_A,5_A,6_C,7_B,8_A,9_A,10_C,11_A,12_B,NSI
STD_0153,1_B,2_B,3_C,4_B,5_C,6_B,7_A,8_A,9_A,10_B,11_B,12_C,Basic
STD_0154,1_C,2_B,3_B,4_B,5_A,6_C,7_B,8_C,9_A,10_A,11_C,12_A,Basic
STD_0155,1_C,2_A,3_A,4_C,5_B,6_A,7_A,8_A,9_C,10_A,11_A,12_A,Basic
STD_0156,1_C,2_C,3_B,4_C,5_A,6_B,7_A,8_B,9_B,10_A,11_B,12_B,Proficient
STD_0157,1_C,2_A,3_B,4_A,5_B,6_B,7_A,8_B,9_B,10_A,11_C,12_A,Advanced
STD_0158,1_C,2_A,3_B,4_A,5_B,6_B,7_A,8_B,9_B,10_A,11_B,12_B,Advanced
STD_0159,1_C,2_A,3_C,4_C,5_A,6_A,7_C,8_C,9_A,10_A,11_A,12_A,Basic
STD_0160,1_B,2_C,3_A,4_B,5_C,6_A,7_A,8_A,9_A,10_C,11_C,12_A,NSI
STD_0161,1_C,2_C,3_A,4_B,5_C,6_C,7_A,8_C,9_A,10_B,11_A,12_A,NSI
STD_0162,1_B,2_A,3_B,4_A,5_B,6_B,7_A,8_B,9_C,10_A,11_B,12_B,Proficient
STD_0163,1_A,2_B,3_C,4_C,5_B,6_A,7_A,8_A,9_A,10_C,11_A,12_A,NSI
STD_0164,1_C,2_C,3_B,4_A,5_B,6_B,7_B,8_B,9_B,10_A,11_B,12_C,Proficient
STD_0165,1_A,2_C,3_A,4_C,5_A,6_C,7_A,8_C,9_A,10_B,11_A,12_A,NSI
STD_0166,1_C,2_A,3_C,4_C,5_A,6_A,7_B,8_C,9_C,10_A,11_C,12_A,Basic
STD_0167,1_C,2_A,3_B,4_A,5_B,6_B,7_A,8_B,9_B,10_A,11_B,12_B,Advanced
STD_0168,1_B,2_C,3_C,4_C,5_C,6_A,7_C,8_C,9_C,10_A,11_C,12_A,Basic
STD_0169,1_A,2_B,3_C,4_C,5_A,6_C,7_C,8_B,9_B,10_A,11_C,12_B,Basic
STD_0170,1_A,2_B,3_C,4_C,5_C,6_A,7_C,8_C,9_B,10_A,11_B,12_A,Basic
STD_0171,1_A,2_C,3_C,4_B,5_A,6_C,7_B,8_A,9_A,10_B,11_A,12_C,NSI
STD_0172,1_B,2_A,3_B,4_A,5_B,6_B,7_C,8_A,9_B,10_A,11_C,12_C,Proficient
STD_0173,1_B,2_A,3_B,4_C,5_C,6_C,7_C,8_C,9_C,10_A,11_A,12_A,Basic
STD_0174,1_C,2_A,3_C,4_A,5_B,6_B,7_A,8_B,9_B,10_A,11_B,12_B,Advanced
STD_0175,1_C,2_A,3_B,4_A,5_B,6_B,7_C,8_B,9_B,10_A,11_B,12_B,Proficient
STD_0176,1_B,2_A,3_B,4_A,5_B,6_B,7_B,8_B,9_B,10_A,11_C,12_B,Proficient
STD_0177,1_A,2_A,3_B,4_C,5_B,6_B,7_C,8_B,9_B,10_A,11_B,12_B,Proficient
STD_0178,1_A,2_C,3_C,4_A,5_A,6_C,7_C,8_A,9_A,10_B,11_B,12_A,NSI
STD_0179,1_B,2_A,3_B,4_C,5_A,6_A,7_A,8_B,9_B,10_A,11_B,12_A,Proficient
STD_0180,1_B,2_C,3_C,4_B,5_B,6_A,7_B,8_C,9_B,10_B,11_B,12_C,Basic
STD_0181,1_A,2_B,3_A,4_B,5_C,6_C,7_C,8_A,9_A,10_C,11_A,12_C,NSI
STD_0182,1_A,2_A,3_C,4_B,5_A,6_C,7_B,8_C,9_A,10_C,11_A,12_A,NSI
STD_0183,1_C,2_A,3_A,4_C,5_B,6_A,7_C,8_C,9_B,10_C,11_C,12_C,Basic
STD_0184,1_B,2_A,3_A,4_A,5_A,6_B,7_C,8_C,9_B,10_B,11_C,12_C,Basic
STD_0185,1_C,2_A,3_B,4_A,5_B,6_B,7_A,8_B,9_B,10_A,11_B,12_B,Advanced
STD_0186,1_C,2_C,3_A,4_B,5_A,6_C,7_C,8_A,9_C,10_B,11_C,12_B,NSI
STD_0187,1_C,2_A,3_B,4_A,5_A,6_B,7_C,8_B,9_B,10_A,11_B,12_A,Proficient
STD_0188,1_B,2_B,3_B,4_B,5_B,6_C,7_C,8_C,9_C,10_A,11_A,12_B,Basic
STD_0189,1_B,2_A,3_B,4_A,5_C,6_B,7_A,8_B,9_B,10_A,11_B,12_B,Proficient
STD_0190,1_B,2_A,3_B,4_C,5_A,6_B,7_A,8_B,9_B,10_B,11_C,12_A,Proficient
STD_0191,1_B,2_A,3_B,4_C,5_B,6_B,7_A,8_B,9_C,10_A,11_B,12_C,Basic
STD_0192,1_C,2_A,3_B,4_A,5_B,6_B,7_A,8_B,9_C,10_A,11_C,12_B,Proficient
STD_0193,1_C,2_A,3_B,4_A,5_B,6_B,7_A,8_B,9_B,10_A,11_B,12_C,Advanced
STD_0194,1_C,2_B,3_B,4_B,5_A,6_C,7_C,8_C,9_C,10_C,11_C,12_B,Basic
STD_0195,1_C,2_A,3_B,4_A,5_B,6_B,7_A,8_B,9_B,10_A,11_B,12_B,Advanced
STD_0196,1_C,2_C,3_C,4_C,5_C,6_B,7_C,8_C,9_C,10_B,11_C,12_A,Basic
STD_0197,1_A,2_B,3_B,4_B,5_C,6_C,7_A,8_A,9_A,10_C,11_C,12_A,NSI
STD_0198,1_A,2_B,3_A,4_B,5_B,6_C,7_B,8_C,9_A,10_C,11_A,12_A,NSI
STD_0199,1_B,2_A,3_B,4_B,5_C,6_A,7_B,8_A,9_C,10_A,11_B,12_C,Basic
STD_0200,1_B,2_B,3_B,4_B,5_C,6_B,7_B,8_A,9_B,10_B,11_C,12_C,Basic
STD_0201,1_C,2_C,3_C,4_B,5_B,6_C,7_B,8_A,9_B,10_B,11_C,12_A,NSI
STD_0202,1_C,2_A,3_B,4_A,5_B,6_B,7_A,8_C,9_C,10_A,11_C,12_B,Proficient
STD_0203,1_C,2_A,3_B,4_A,5_B,6_B,7_A,8_B,9_B,10_A,11_B,12_B,Advanced
STD_0204,1_C,2_B,3_B,4_C,5_A,6_A,7_A,8_A,9_B,10_A,11_C,12_B,Basic
STD_0205,1_B,2_B,3_C,4_B,5_B,6_B,7_C,8_C,9_A,10_A,11_A,12_A,Basic
STD_0206,1_B,2_A,3_B,4_A,5_B,6_B,7_A,8_B,9_B,10_A,11_B,12_B,Advanced
STD_0207,1_C,2_A,3_B,4_C,5_C,6_A,7_B,8_A,9_B,10_A,11_C,12_A,Basic
STD_0208,1_C,2_C,3_A,4_A,5_A,6_B,7_C,8_A,9_A,10_C,11_B,12_C,Basic
STD_0209,1_B,2_C,3_A,4_A,5_C,6_B,7_A,8_B,9_C,10_C,11_B,12_C,Basic
STD_0210,1_B,2_A,3_B,4_C,5_C,6_C,7_B,8_B,9_A,10_C,11_A,12_C,Basic
STD_0211,1_B,2_B,3_C,4_C,5_A,6_A,7_A,8_A,9_C,10_C,11_B,12_C,Basic
STD_0212,1_C,2_A,3_B,4_B,5_C,6_B,7_B,8_C,9_B,10_B,11_C,12_C,Basic
STD_0213,1_B,2_A,3_C,4_C,5_A,6_C,7_A,8_C,9_C,10_A,11_C,12_B,Basic
STD_0214,1_A,2_C,3_B,4_C,5_A,6_A,7_A,8_A,9_A,10_A,11_B,12_B,Basic
STD_0215,1_B,2_B,3_C,4_C,5_A,6_A,7_A,8_C,9_C,10_B,11_C,12_B,Basic
STD_0216,1_C,2_C,3_B,4_A,5_A,6_B,7_A,8_A,9_C,10_A,11_B,12_A,Basic
STD_0217,1_A,2_B,3_A,4_C,5_C,6_C,7_B,8_A,9_A,10_B,11_A,12_B,NSI
STD_0218,1_B,2_A,3_C,4_A,5_A,6_C,7_A,8_B,9_C,10_A,11_C,12_C,Basic
STD_0219,1_C,2_B,3_B,4_B,5_A,6_A,7_C,8_C,9_B,10_C,11_C,12_C,Basic
STD_0220,1_B,2_A,3_C,4_B,5_B,6_C,7_A,8_A,9_C,10_B,11_A,12_A,Basic
STD_0221,1_A,2_C,3_C,4_B,5_A,6_C,7_C,8_A,9_C,10_A,11_C,12_C,NSI
STD_0222,1_A,2_C,3_A,4_C,5_B,6_B,7_C,8_C,9_A,10_C,11_C,12_C,NSI
STD_0223,1_C,2_A,3_B,4_A,5_B,6_B,7_B,8_B,9_B,10_A,11_B,12_B,Advanced
STD_0224,1_B,2_B,3_C,4_C,5_B,6_A,7_C,8_C,9_C,10_A,11_A,12_A,Basic
STD_0225,1_A,2_B,3_C,4_C,5_B,6_A,7_B,8_A,9_B,10_C,11_C,12_C,NSI
STD_0226,1_A,2_C,3_C,4_B,5_C,6_C,7_C,8_A,9_A,10_A,11_A,12_C,NSI
STD_0227,1_B,2_C,3_C,4_B,5_C,6_C,7_A,8_A,9_A,10_B,11_A,12_B,NSI
STD_0228,1_C,2_A,3_B,4_A,5_B,6_B,7_C,8_B,9_A,10_A,11_C,12_A,Proficient
STD_0229,1_A,2_C,3_A,4_B,5_A,6_C,7_C,8_A,9_A,10_B,11_A,12_A,NSI
STD_0230,1_C,2_A,3_B,4_A,5_B,6_A,7_A,8_B,9_B,10_A,11_B,12_B,Advanced
STD_0231,1_A,2_B,3_A,4_B,5_C,6_A,7_C,8_C,9_A,10_B,11_C,12_A,NSI
STD_0232,1_B,2_B,3_A,4_B,5_C,6_C,7_A,8_B,9_A,10_B,11_A,12_A,NSI
STD_0233,1_C,2_C,3_B,4_C,5_C,6_A,7_A,8_C,9_B,10_A,11_A,12_C,Basic
STD_0234,1_C,2_A,3_B,4_A,5_C,6_B,7_A,8_B,9_C,10_A,11_B,12_A,Proficient
STD_0235,1_B,2_B,3_B,4_C,5_A,6_A,7_C,8_C,9_C,10_C,11_C,12_A,Basic
STD_0236,1_C,2_C,3_A,4_B,5_C,6_A,7_C,8_C,9_C,10_A,11_B,12_C,Basic
STD_0237,1_C,2_B,3_B,4_A,5_B,6_B,7_A,8_C,9_B,10_A,11_B,12_B,Advanced
STD_0238,1_C,2_A,3_B,4_A,5_C,6_B,7_B,8_B,9_B,10_A,11_B,12_A,Proficient
STD_0239,1_C,2_A,3_C,4_B,5_A,6_B,7_A,8_B,9_B,10_A,11_B,12_B,Proficient
STD_0240,1_B,2_A,3_B,4_A,5_B,6_B,7_A,8_B,9_C,10_A,11_B,12_C,Proficient
STD_0241,1_A,2_B,3_A,4_C,5_C,6_A,7_B,8_A,9_A,10_C,11_A,12_A,NSI
STD_0242,1_A,2_C,3_C,4_C,5_B,6_C,7_B,8_A,9_A,10_C,11_A,12_A,NSI
STD_0243,1_B,2_A,3_C,4_C,5_A,6_B,7_A,8_C,9_C,10_A,11_A,12_C,Basic
STD_0244,1_A,2_B,3_C,4_B,5_A,6_C,7_A,8_C,9_A,10_C,11_A,12_C,NSI
STD_0245,1_A,2_B,3_A,4_B,5_B,6_A,7_A,8_C,9_C,10_C,11_B,12_B,NSI
STD_0246,1_B,2_C,3_B,4_C,5_C,6_B,7_B,8_A,9_B,10_B,11_C,12_C,Basic
STD_0247,1_A,2_C,3_C,4_B,5_A,6_C,7_B,8_A,9_A,10_C,11_B,12_A,NSI
STD_0248,1_A,2_A,3_C,4_B,5_C,6_A,7_C,8_A,9_C,10_C,11_A,12_C,NSI
STD_0249,1_B,2_B,3_A,4_B,5_A,6_B,7_B,8_C,9_B,10_C,11_C,12_A,Basic
STD_0250,1_B,2_A,3_B,4_C,5_A,6_C,7_C,8_C,9_A,10_B,11_B,12_A,Basic
STD_0251,1_C,2_A,3_B,4_A,5_B,6_B,7_A,8_B,9_B,10_A,11_B,12_B,Proficient
STD_0252,1_B,2_C,3_C,4_B,5_C,6_C,7_A,8_B,9_C,10_A,11_A,12_C,Basic
STD_0253,1_A,2_C,3_C,4_B,5_A,6_C,7_C,8_A,9_A,10_B,11_A,12_B,NSI
STD_0254,1_A,2_B,3_C,4_C,5_B,6_A,7_B,8_A,9_A,10_B,11_C,12_B,NSI
STD_0255,1_A,2_C,3_C,4_C,5_C,6_A,7_C,8_A,9_A,10_A,11_C,12_C,NSI
STD_0256,1_B,2_A,3_B,4_C,5_A,6_B,7_A,8_B,9_B,10_A,11_B,12_B,Basic
STD_0257,1_B,2_B,3_A,4_C,5_C,6_A,7_C,8_A,9_A,10_C,11_A,12_C,NSI
STD_0258,1_C,2_A,3_B,4_A,5_B,6_B,7_A,8_B,9_B,10_A,11_B,12_B,Advanced
STD_0259,1_A,2_B,3_A,4_A,5_C,6_C,7_C,8_A,9_A,10_B,11_C,12_A,NSI
STD_0260,1_C,2_A,3_A,4_C,5_A,6_A,7_C,8_B,9_B,10_C,11_C,12_A,Basic
STD_0261,1_C,2_B,3_C,4_C,5_A,6_C,7_B,8_C,9_B,10_A,11_B,12_C,Basic
STD_0262,1_A,2_C,3_A,4_B,5_C,6_C,7_B,8_C,9_B,10_C,11_A,12_A,NSI
STD_0263,1_A,2_B,3_A,4_B,5_B,6_B,7_A,8_A,9_C,10_C,11_B,12_C,NSI
STD_0264,1_A,2_C,3_C,4_C,5_B,6_A,7_A,8_A,9_A,10_C,11_A,12_C,NSI
STD_0265,1_C,2_A,3_B,4_C,5_C,6_B,7_A,8_B,9_C,10_A,11_B,12_A,Proficient
STD_0266,1_B,2_A,3_B,4_C,5_B,6_A,7_B,8_C,9_B,10_B,11_A,12_C,Basic
STD_0267,1_B,2_C,3_C,4_B,5_C,6_C,7_A,8_A,9_A,10_B,11_C,12_C,NSI
STD_0268,1_A,2_B,3_C,4_C,5_C,6_A,7_A,8_A,9_A,10_C,11_A,12_A,NSI
STD_0269,1_A,2_A,3_A,4_A,5_C,6_B,7_C,8_B,9_B,10_A,11_B,12_B,Proficient
STD_0270,1_A,2_B,3_A,4_B,5_C,6_C,7_B,8_A,9_A,10_C,11_A,12_A,NSI
STD_0271,1_B,2_A,3_A,4_C,5_C,6_C,7_C,8_C,9_B,10_A,11_C,12_B,Basic
STD_0272,1_B,2_A,3_B,4_A,5_B,6_B,7_B,8_B,9_B,10_A,11_B,12_B,Proficient
STD_0273,1_A,2_B,3_C,4_B,5_C,6_C,7_A,8_A,9_C,10_B,11_C,12_C,NSI
STD_0274,1_B,2_A,3_C,4_A,5_B,6_C,7_B,8_A,9_C,10_C,11_C,12_A,Basic
STD_0275,1_B,2_B,3_A,4_B,5_C,6_A,7_A,8_A,9_C,10_B,11_C,12_A,NSI
STD_0276,1_B,2_C,3_B,4_A,5_A,6_A,7_A,8_B,9_C,10_A,11_B,12_B,Basic
STD_0277,1_C,2_A,3_B,4_A,5_B,6_B,7_A,8_B,9_B,10_A,11_C,12_B,Proficient
STD_0278,1_B,2_A,3_C,4_A,5_C,6_C,7_C,8_B,9_C,10_A,11_C,12_C,Basic
STD_0279,1_B,2_B,3_A,4_C,5_C,6_C,7_C,8_A,9_C,10_C,11_C,12_C,Basic
STD_0280,1_C,2_A,3_B,4_A,5_B,6_B,7_A,8_B,9_B,10_A,11_B,12_B,Advanced
STD_0281,1_B,2_A,3_A,4_B,5_B,6_C,7_B,8_C,9_B,10_B,11_C,12_B,Basic
STD_0282,1_B,2_C,3_C,4_B,5_A,6_A,7_C,8_C,9_B,10_B,11_A,12_A,NSI
STD_0283,1_A,2_A,3_B,4_C,5_C,6_B,7_C,8_C,9_B,10_C,11_C,12_C,Basic
STD_0284,1_B,2_A,3_B,4_C,5_B,6_B,7_C,8_C,9_A,10_C,11_C,12_C,Basic
STD_0285,1_B,2_B,3_C,4_C,5_B,6_A,7_C,8_C,9_B,10_B,11_B,12_B,Basic
STD_0286,1_A,2_B,3_C,4_B,5_C,6_C,7_A,8_A,9_C,10_C,11_A,12_B,NSI
STD_0287,1_B,2_A,3_B,4_C,5_C,6_B,7_C,8_C,9_A,10_B,11_C,12_B,Basic
STD_0288,1_B,2_A,3_C,4_C,5_B,6_C,7_C,8_C,9_B,10_C,11_C,12_C,Basic
STD_0289,1_C,2_A,3_B,4_A,5_B,6_B,7_A,8_B,9_B,10_A,11_C,12_B,Proficient
STD_0290,1_A,2_B,3_B,4_B,5_C,6_A,7_C,8_C,9_C,10_C,11_A,12_C,NSI
STD_0291,1_C,2_A,3_B,4_A,5_B,6_B,7_A,8_B,9_B,10_A,11_B,12_B,Advanced
STD_0292,1_A,2_B,3_A,4_B,5_A,6_C,7_C,8_A,9_A,10_B,11_A,12_B,NSI
STD_0293,1_C,2_A,3_B,4_A,5_B,6_B,7_A,8_B,9_B,10_A,11_B,12_B,Advanced
STD_0294,1_B,2_A,3_B,4_C,5_B,6_B,7_C,8_C,9_C,10_A,11_C,12_B,Basic
STD_0295,1_B,2_A,3_A,4_A,5_C,6_B,7_A,8_C,9_B,10_A,11_B,12_B,Proficient
STD_0296,1_C,2_C,3_A,4_B,5_A,6_C,7_C,8_A,9_C,10_C,11_C,12_B,Basic
STD_0297,1_B,2_B,3_B,4_A,5_C,6_A,7_C,8_C,9_B,10_B,11_C,12_B,Basic
STD_0298,1_A,2_A,3_A,4_B,5_C,6_C,7_C,8_C,9_C,10_A,11_B,12_A,Basic
STD_0299,1_B,2_A,3_C,4_C,5_A,6_B,7_C,8_B,9_C,10_A,11_C,12_C,Basic
STD_0300,1_B,2_A,3_B,4_A,5_C,6_A,7_A,8_A,9_C,10_A,11_A,12_C,Basic
STD_0301,1_A,2_C,3_C,4_B,5_B,6_A,7_B,8_A,9_A,10_B,11_A,12_B,NSI
STD_0302,1_B,2_A,3_C,4_C,5_A,6_C,7_B,8_C,9_A,10_A,11_C,12_C,Basic
STD_0303,1_C,2_A,3_A,4_A,5_A,6_A,7_B,8_C,9_B,10_A,11_C,12_C,Basic
STD_0304,1_B,2_A,3_C,4_C,5_A,6_C,7_C,8_B,9_A,10_B,11_C,12_C,Basic
STD_0305,1_A,2_B,3_A,4_A,5_C,6_A,7_C,8_A,9_A,10_C,11_A,12_B,NSI
STD_0306,1_C,2_A,3_B,4_B,5_A,6_B,7_A,8_B,9_B,10_C,11_C,12_A,Proficient
STD_0307,1_B,2_C,3_B,4_C,5_B,6_B,7_B,8_B,9_C,10_A,11_B,12_A,Basic
STD_0308,1_C,2_A,3_B,4_A,5_B,6_B,7_A,8_B,9_B,10_A,11_C,12_C,Advanced
STD_0309,1_A,2_B,3_C,4_B,5_C,6_A,7_B,8_A,9_A,10_B,11_A,12_C,NSI
STD_0310,1_A,2_B,3_A,4_B,5_B,6_B,7_B,8_A,9_A,10_B,11_A,12_A,NSI
STD_0311,1_A,2_C,3_A,4_A,5_A,6_C,7_B,8_A,9_A,10_B,11_A,12_B,NSI
STD_0312,1_C,2_B,3_B,4_A,5_A,6_C,7_C,8_B,9_C,10_C,11_B,12_A,Basic
STD_0313,1_B,2_C,3_A,4_B,5_A,6_C,7_C,8_A,9_A,10_B,11_A,12_A,NSI
STD_0314,1_B,2_C,3_C,4_C,5_A,6_B,7_B,8_A,9_B,10_C,11_C,12_C,Basic
STD_0315,1_C,2_A,3_B,4_A,5_B,6_B,7_C,8_B,9_B,10_A,11_B,12_C,Proficient
STD_0316,1_A,2_A,3_A,4_A,5_A,6_C,7_C,8_A,9_C,10_B,11_B,12_C,Basic
STD_0317,1_B,2_B,3_C,4_B,5_C,6_A,7_A,8_C,9_C,10_C,11_A,12_C,NSI
STD_0318,1_C,2_B,3_B,4_A,5_B,6_B,7_A,8_B,9_B,10_A,11_B,12_C,Advanced
STD_0319,1_B,2_C,3_C,4_C,5_A,6_A,7_A,8_A,9_A,10_C,11_A,12_B,NSI
STD_0320,1_B,2_C,3_C,4_A,5_C,6_B,7_B,8_C,9_B,10_A,11_A,12_C,Basic
STD_0321,1_C,2_A,3_B,4_A,5_C,6_B,7_A,8_B,9_B,10_A,11_B,12_B,Advanced
STD_0322,1_A,2_A,3_C,4_B,5_A,6_C,7_B,8_A,9_A,10_C,11_A,12_A,NSI
STD_0323,1_B,2_A,3_B,4_A,5_C,6_B,7_C,8_C,9_C,10_C,11_C,12_A,Basic
STD_0324,1_C,2_A,3_B,4_A,5_B,6_B,7_A,8_B,9_B,10_A,11_C,12_B,Advanced
STD_0325,1_A,2_B,3_C,4_A,5_C,6_C,7_A,8_C,9_C,10_A,11_C,12_A,Basic
STD_0326,1_C,2_A,3_B,4_A,5_A,6_B,7_A,8_B,9_C,10_A,11_B,12_B,Proficient
STD_0327,1_A,2_C,3_C,4_B,5_A,6_C,7_C,8_C,9_A,10_C,11_A,12_B,NSI
STD_0328,1_A,2_B,3_A,4_B,5_C,6_A,7_B,8_A,9_A,10_C,11_C,12_B,NSI
STD_0329,1_C,2_A,3_B,4_A,5_B,6_B,7_A,8_B,9_B,10_A,11_B,12_B,Advanced
STD_0330,1_C,2_A,3_B,4_C,5_A,6_B,7_A,8_B,9_B,10_C,11_B,12_B,Proficient
STD_0331,1_C,2_A,3_C,4_A,5_B,6_B,7_A,8_C,9_B,10_A,11_C,12_C,Proficient
STD_0332,1_C,2_C,3_A,4_B,5_A,6_A,7_B,8_C,9_B,10_C,11_A,12_B,Basic
STD_0333,1_B,2_B,3_A,4_B,5_C,6_A,7_A,8_C,9_A,10_C,11_A,12_A,NSI
STD_0334,1_B,2_B,3_A,4_C,5_A,6_B,7_C,8_C,9_C,10_A,11_C,12_C,Basic
STD_0335,1_B,2_C,3_B,4_C,5_C,6_C,7_C,8_A,9_C,10_A,11_A,12_A,Basic
STD_0336,1_A,2_A,3_C,4_B,5_B,6_C,7_B,8_B,9_C,10_B,11_A,12_B,Basic
STD_0337,1_B,2_B,3_B,4_C,5_B,6_A,7_A,8_C,9_B,10_A,11_C,12_C,Basic
STD_0338,1_C,2_B,3_C,4_B,5_A,6_A,7_A,8_A,9_A,10_B,11_A,12_A,NSI
STD_0339,1_C,2_A,3_A,4_A,5_B,6_B,7_A,8_B,9_C,10_A,11_B,12_B,Advanced
STD_0340,1_A,2_C,3_A,4_B,5_A,6_C,7_C,8_C,9_C,10_C,11_A,12_B,NSI
STD_0341,1_B,2_A,3_B,4_A,5_C,6_B,7_A,8_B,9_B,10_A,11_B,12_C,Proficient
STD_0342,1_A,2_C,3_C,4_B,5_A,6_A,7_B,8_C,9_A,10_C,11_A,12_C,NSI
STD_0343,1_A,2_B,3_A,4_C,5_C,6_C,7_B,8_A,9_A,10_C,11_C,12_C,NSI
STD_0344,1_C,2_A,3_B,4_A,5_C,6_B,7_A,8_B,9_C,10_A,11_B,12_A,Proficient
STD_0345,1_B,2_C,3_A,4_B,5_A,6_A,7_A,8_A,9_C,10_B,11_A,12_A,NSI
STD_0346,1_C,2_A,3_B,4_A,5_B,6_B,7_A,8_B,9_B,10_A,11_B,12_B,Advanced
STD_0347,1_C,2_A,3_B,4_A,5_B,6_B,7_A,8_B,9_B,10_A,11_B,12_B,Advanced
STD_0348,1_B,2_B,3_C,4_A,5_C,6_A,7_C,8_B,9_C,10_A,11_C,12_A,Basic
STD_0349,1_B,2_B,3_B,4_A,5_B,6_B,7_A,8_B,9_B,10_A,11_B,12_B,Proficient
STD_0350,1_C,2_B,3_C,4_C,5_A,6_C,7_C,8_B,9_C,10_A,11_A,12_C,Basic
STD_0351,1_A,2_C,3_B,4_C,5_A,6_A,7_B,8_A,9_B,10_C,11_A,12_A,Basic
STD_0352,1_A,2_C,3_A,4_B,5_A,6_A,7_B,8_A,9_C,10_B,11_A,12_B,NSI
STD_0353,1_A,2_C,3_A,4_B,5_A,6_C,7_B,8_A,9_A,10_B,11_A,12_A,NSI
STD_0354,1_A,2_A,3_C,4_A,5_A,6_A,7_C,8_A,9_A,10_C,11_A,12_C,NSI
STD_0355,1_B,2_C,3_B,4_B,5_C,6_A,7_B,8_C,9_C,10_A,11_C,12_B,Basic
STD_0356,1_A,2_C,3_C,4_B,5_B,6_C,7_C,8_C,9_C,10_C,11_C,12_A,Basic
STD_0357,1_B,2_A,3_B,4_A,5_A,6_A,7_A,8_C,9_B,10_A,11_A,12_A,Basic
STD_0358,1_B,2_C,3_A,4_C,5_A,6_B,7_C,8_B,9_C,10_B,11_C,12_C,Basic
STD_0359,1_C,2_C,3_A,4_C,5_A,6_C,7_B,8_B,9_C,10_A,11_C,12_A,Basic
STD_0360,1_B,2_B,3_A,4_A,5_C,6_A,7_C,8_B,9_B,10_A,11_C,12_A,Basic
STD_0361,1_B,2_A,3_B,4_C,5_C,6_C,7_B,8_B,9_B,10_A,11_C,12_B,Basic
STD_0362,1_A,2_C,3_A,4_C,5_C,6_C,7_C,8_A,9_C,10_B,11_B,12_C,Basic
STD_0363,1_C,2_C,3_B,4_A,5_C,6_C,7_C,8_B,9_A,10_C,11_C,12_B,Basic
STD_0364,1_A,2_B,3_B,4_B,5_B,6_C,7_C,8_A,9_A,10_B,11_B,12_C,NSI
STD_0365,1_A,2_A,3_A,4_A,5_C,6_A,7_A,8_C,9_C,10_A,11_C,12_A,Basic
STD_0366,1_A,2_C,3_A,4_A,5_A,6_C,7_A,8_B,9_C,10_A,11_B,12_C,Basic
STD_0367,1_A,2_C,3_A,4_B,5_A,6_C,7_A,8_C,9_A,10_B,11_B,12_B,NSI
STD_0368,1_C,2_A,3_B,4_A,5_B,6_B,7_A,8_C,9_C,10_A,11_B,12_B,Proficient
STD_0369,1_A,2_B,3_C,4_B,5_A,6_C,7_B,8_A,9_A,10_C,11_A,12_B,NSI
STD_0370,1_A,2_A,3_B,4_A,5_C,6_A,7_C,8_C,9_A,10_C,11_C,12_A,Basic
STD_0371,1_A,2_A,3_B,4_A,5_A,6_A,7_A,8_C,9_B,10_B,11_B,12_B,Basic
STD_0372,1_A,2_B,3_C,4_B,5_A,6_C,7_B,8_B,9_A,10_A,11_C,12_A,NSI
STD_0373,1_C,2_B,3_B,4_A,5_B,6_C,7_A,8_C,9_C,10_C,11_B,12_A,Basic
STD_0374,1_A,2_C,3_A,4_B,5_A,6_C,7_A,8_A,9_A,10_C,11_A,12_B,NSI
STD_0375,1_A,2_C,3_A,4_B,5_A,6_C,7_C,8_A,9_A,10_C,11_A,12_A,NSI
STD_0376,1_C,2_B,3_C,4_B,5_A,6_A,7_B,8_A,9_B,10_B,11_C,12_A,NSI
STD_0377,1_B,2_C,3_C,4_A,5_A,6_B,7_C,8_C,9_B,10_C,11_B,12_A,Basic
STD_0378,1_B,2_B,3_A,4_C,5_C,6_C,7_B,8_A,9_C,10_B,11_A,12_A,NSI
STD_0379,1_B,2_A,3_A,4_A,5_B,6_B,7_A,8_B,9_B,10_C,11_C,12_C,Basic
STD_0380,1_B,2_C,3_A,4_C,5_C,6_C,7_C,8_B,9_B,10_C,11_C,12_A,Basic
STD_0381,1_B,2_B,3_C,4_B,5_B,6_A,7_C,8_C,9_B,10_B,11_B,12_A,Basic
STD_0382,1_B,2_B,3_A,4_B,5_C,6_B,7_C,8_C,9_B,10_C,11_C,12_A,Basic
STD_0383,1_C,2_A,3_B,4_A,5_B,6_B,7_A,8_B,9_B,10_A,11_B,12_B,Advanced
STD_0384,1_A,2_B,3_A,4_B,5_A,6_C,7_B,8_A,9_C,10_B,11_A,12_C,NSI
STD_0385,1_B,2_A,3_A,4_C,5_A,6_C,7_C,8_B,9_C,10_A,11_A,12_C,Basic
STD_0386,1_C,2_A,3_A,4_C,5_A,6_B,7_A,8_B,9_C,10_A,11_B,12_B,Proficient
STD_0387,1_C,2_A,3_B,4_A,5_B,6_B,7_A,8_B,9_B,10_A,11_B,12_B,Advanced
STD_0388,1_C,2_A,3_B,4_C,5_B,6_B,7_A,8_B,9_A,10_A,11_B,12_C,Proficient
STD_0389,1_C,2_A,3_B,4_A,5_C,6_B,7_A,8_B,9_B,10_A,11_C,12_B,Proficient
STD_0390,1_C,2_A,3_B,4_A,5_B,6_B,7_A,8_C,9_B,10_A,11_B,12_B,Advanced
STD_0391,1_A,2_A,3_B,4_A,5_B,6_B,7_A,8_C,9_B,10_A,11_A,12_B,Proficient
STD_0392,1_B,2_A,3_B,4_C,5_C,6_A,7_A,8_C,9_A,10_B,11_C,12_A,Basic
STD_0393,1_A,2_B,3_C,4_C,5_A,6_A,7_A,8_C,9_A,10_B,11_A,12_C,NSI
STD_0394,1_A,2_B,3_A,4_A,5_A,6_C,7_A,8_C,9_A,10_C,11_A,12_A,NSI
STD_0395,1_A,2_B,3_A,4_C,5_B,6_C,7_B,8_A,9_A,10_B,11_A,12_B,NSI
STD_0396,1_A,2_C,3_C,4_B,5_A,6_A,7_B,8_A,9_B,10_A,11_A,12_B,NSI
STD_0397,1_C,2_A,3_B,4_A,5_B,6_B,7_A,8_C,9_B,10_A,11_B,12_B,Proficient
STD_0398,1_C,2_A,3_A,4_C,5_A,6_C,7_A,8_B,9_B,10_A,11_C,12_C,Basic
STD_0399,1_C,2_B,3_C,4_C,5_A,6_B,7_C,8_A,9_A,10_C,11_B,12_B,Basic
STD_0400,1_C,2_A,3_C,4_A,5_C,6_B,7_C,8_C,9_C,10_A,11_B,12_B,Proficient
STD_0401,1_B,2_C,3_C,4_C,5_A,6_A,7_C,8_C,9_A,10_A,11_A,12_B,NSI
STD_0402,1_B,2_B,3_A,4_C,5_A,6_A,7_C,8_C,9_C,10_B,11_B,12_A,Basic
STD_0403,1_B,2_A,3_B,4_C,5_C,6_B,7_B,8_C,9_C,10_B,11_C,12_B,Basic
STD_0404,1_C,2_A,3_B,4_A,5_A,6_B,7_A,8_B,9_C,10_A,11_C,12_B,Proficient
STD_0405,1_C,2_A,3_C,4_B,5_C,6_B,7_C,8_C,9_B,10_A,11_B,12_A,Basic
STD_0406,1_C,2_A,3_B,4_B,5_B,6_B,7_A,8_B,9_B,10_A,11_B,12_C,Proficient
STD_0407,1_C,2_C,3_A,4_B,5_B,6_C,7_B,8_A,9_A,10_C,11_C,12_C,NSI
STD_0408,1_A,2_A,3_C,4_A,5_A,6_B,7_A,8_C,9_C,10_A,11_B,12_A,Proficient
STD_0409,1_B,2_C,3_B,4_B,5_B,6_B,7_A,8_C,9_A,10_B,11_C,12_C,Basic
STD_0410,1_A,2_B,3_B,4_B,5_B,6_C,7_C,8_A,9_C,10_C,11_A,12_C,NSI
STD_0411,1_C,2_C,3_B,4_B,5_C,6_C,7_B,8_C,9_B,10_A,11_C,12_A,Basic
STD_0412,1_A,2_A,3_C,4_A,5_C,6_B,7_C,8_C,9_C,10_A,11_A,12_B,Basic
STD_0413,1_B,2_C,3_C,4_C,5_C,6_C,7_B,8_C,9_C,10_C,11_C,12_B,Basic
STD_0414,1_B,2_A,3_B,4_A,5_B,6_B,7_A,8_A,9_B,10_A,11_B,12_A,Proficient
STD_0415,1_A,2_B,3_C,4_B,5_C,6_A,7_C,8_A,9_A,10_C,11_C,12_B,NSI
STD_0416,1_B,2_C,3_A,4_B,5_C,6_C,7_A,8_A,9_A,10_C,11_A,12_A,NSI
STD_0417,1_C,2_C,3_A,4_B,5_A,6_A,7_C,8_C,9_C,10_B,11_A,12_A,NSI
STD_0418,1_C,2_A,3_B,4_A,5_B,6_B,7_A,8_C,9_B,10_A,11_B,12_B,Advanced
STD_0419,1_A,2_A,3_B,4_C,5_A,6_A,7_B,8_C,9_C,10_B,11_C,12_C,Basic
STD_0420,1_B,2_C,3_C,4_B,5_A,6_A,7_A,8_A,9_B,10_B,11_A,12_A,NSI
STD_0421,1_A,2_C,3_C,4_B,5_C,6_A,7_B,8_A,9_A,10_A,11_C,12_C,NSI
STD_0422,1_A,2_B,3_C,4_B,5_C,6_A,7_C,8_A,9_A,10_B,11_A,12_C,NSI
STD_0423,1_C,2_B,3_C,4_C,5_A,6_A,7_C,8_A,9_A,10_C,11_C,12_C,NSI
STD_0424,1_C,2_A,3_B,4_A,5_A,6_B,7_C,8_B,9_B,10_A,11_B,12_B,Proficient
STD_0425,1_B,2_B,3_B,4_C,5_C,6_C,7_C,8_B,9_B,10_A,11_C,12_B,Basic
STD_0426,1_A,2_C,3_C,4_B,5_C,6_C,7_B,8_A,9_A,10_C,11_A,12_C,NSI
STD_0427,1_A,2_C,3_B,4_A,5_A,6_C,7_B,8_B,9_A,10_C,11_B,12_C,Basic
STD_0428,1_A,2_B,3_C,4_B,5_A,6_A,7_B,8_C,9_B,10_C,11_A,12_A,NSI
STD_0429,1_A,2_B,3_C,4_B,5_A,6_A,7_C,8_A,9_C,10_C,11_A,12_A,NSI
STD_0430,1_C,2_A,3_B,4_C,5_C,6_B,7_A,8_C,9_B,10_C,11_C,12_C,Basic
STD_0431,1_A,2_A,3_A,4_C,5_A,6_A,7_B,8_B,9_A,10_B,11_B,12_A,Basic
STD_0432,1_C,2_A,3_B,4_A,5_B,6_A,7_C,8_C,9_C,10_A,11_C,12_C,Basic
STD_0433,1_A,2_C,3_A,4_B,5_A,6_C,7_C,8_C,9_A,10_C,11_A,12_C,NSI
STD_0434,1_C,2_A,3_B,4_A,5_B,6_B,7_A,8_B,9_B,10_A,11_B,12_B,Advanced
STD_0435,1_C,2_A,3_C,4_C,5_B,6_B,7_B,8_C,9_B,10_A,11_C,12_C,Basic
STD_0436,1_C,2_B,3_A,4_A,5_B,6_B,7_B,8_B,9_C,10_A,11_C,12_A,Proficient
STD_0437,1_A,2_B,3_A,4_B,5_C,6_A,7_B,8_A,9_B,10_C,11_C,12_C,NSI
STD_0438,1_B,2_C,3_A,4_B,5_C,6_C,7_A,8_C,9_A,10_A,11_C,12_A,Basic
STD_0439,1_A,2_B,3_B,4_B,5_B,6_B,7_B,8_C,9_A,10_A,11_B,12_B,Basic
STD_0440,1_C,2_B,3_A,4_A,5_B,6_B,7_A,8_B,9_B,10_B,11_A,12_C,Proficient
STD_0441,1_A,2_B,3_C,4_B,5_A,6_C,7_B,8_A,9_A,10_B,11_C,12_C,NSI
STD_0442,1_C,2_A,3_B,4_A,5_C,6_B,7_A,8_C,9_B,10_A,11_C,12_A,Proficient
STD_0443,1_C,2_A,3_B,4_A,5_B,6_A,7_B,8_C,9_B,10_B,11_C,12_C,Basic
STD_0444,1_B,2_C,3_C,4_A,5_A,6_C,7_B,8_C,9_B,10_A,11_C,12_A,Basic
STD_0445,1_A,2_B,3_B,4_B,5_C,6_B,7_B,8_A,9_C,10_B,11_A,12_B,NSI
STD_0446,1_C,2_A,3_B,4_C,5_B,6_B,7_C,8_A,9_B,10_A,11_B,12_B,Proficient
STD_0447,1_B,2_C,3_B,4_C,5_A,6_A,7_B,8_A,9_B,10_B,11_B,12_C,Basic
STD_0448,1_C,2_A,3_B,4_A,5_B,6_B,7_C,8_B,9_B,10_A,11_B,12_B,Advanced
STD_0449,1_C,2_A,3_B,4_A,5_B,6_B,7_B,8_B,9_B,10_A,11_B,12_C,Proficient
STD_0450,1_C,2_A,3_B,4_A,5_B,6_B,7_A,8_B,9_B,10_A,11_B,12_B,Advanced
STD_0451,1_A,2_B,3_A,4_B,5_A,6_C,7_B,8_C,9_A,10_B,11_C,12_A,Basic
STD_0452,1_C,2_A,3_A,4_A,5_A,6_A,7_A,8_B,9_B,10_A,11_B,12_A,Basic
STD_0453,1_A,2_B,3_C,4_B,5_C,6_C,7_C,8_C,9_A,10_B,11_C,12_A,NSI
STD_0454,1_B,2_A,3_A,4_C,5_A,6_B,7_C,8_C,9_A,10_B,11_C,12_B,Basic
STD_0455,1_C,2_C,3_A,4_C,5_A,6_C,7_B,8_B,9_B,10_A,11_B,12_A,Basic
STD_0456,1_C,2_C,3_A,4_B,5_A,6_C,7_B,8_A,9_B,10_B,11_A,12_A,NSI
STD_0457,1_A,2_B,3_A,4_C,5_B,6_B,7_B,8_A,9_A,10_C,11_C,12_A,NSI
STD_0458,1_B,2_A,3_B,4_C,5_C,6_B,7_A,8_C,9_A,10_A,11_B,12_C,Basic
STD_0459,1_C,2_A,3_B,4_A,5_A,6_B,7_A,8_B,9_B,10_A,11_B,12_A,Proficient
STD_0460,1_A,2_B,3_C,4_B,5_C,6_A,7_C,8_A,9_C,10_B,11_A,12_C,NSI
STD_0461,1_B,2_A,3_C,4_C,5_C,6_A,7_A,8_C,9_C,10_C,11_B,12_C,Basic
STD_0462,1_B,2_C,3_C,4_B,5_C,6_C,7_B,8_A,9_A,10_B,11_C,12_C,NSI
STD_0463,1_A,2_B,3_C,4_B,5_C,6_A,7_C,8_C,9_A,10_B,11_A,12_C,NSI
STD_0464,1_B,2_C,3_C,4_C,5_C,6_A,7_B,8_C,9_C,10_B,11_C,12_C,Basic
STD_0465,1_A,2_C,3_A,4_B,5_A,6_C,7_B,8_A,9_A,10_A,11_C,12_B,NSI
STD_0466,1_A,2_B,3_A,4_B,5_C,6_A,7_C,8_C,9_A,10_C,11_A,12_A,NSI
STD_0467,1_C,2_A,3_B,4_A,5_B,6_B,7_A,8_B,9_B,10_A,11_B,12_B,Advanced
STD_0468,1_C,2_B,3_B,4_A,5_A,6_A,7_C,8_A,9_C,10_A,11_B,12_C,Basic
STD_0469,1_A,2_B,3_C,4_A,5_C,6_C,7_A,8_C,9_A,10_B,11_A,12_A,Basic
STD_0470,1_C,2_B,3_B,4_C,5_A,6_C,7_B,8_C,9_C,10_B,11_C,12_A,Basic
STD_0471,1_A,2_B,3_C,4_B,5_B,6_A,7_C,8_A,9_C,10_A,11_C,12_C,NSI
STD_0472,1_C,2_A,3_B,4_A,5_B,6_B,7_A,8_B,9_B,10_A,11_B,12_B,Advanced
STD_0473,1_B,2_B,3_B,4_C,5_B,6_A,7_A,8_C,9_B,10_B,11_B,12_B,Basic
STD_0474,1_C,2_A,3_A,4_C,5_A,6_B,7_A,8_C,9_C,10_B,11_A,12_A,Basic
STD_0475,1_C,2_C,3_B,4_A,5_B,6_B,7_A,8_B,9_B,10_A,11_C,12_B,Proficient
STD_0476,1_C,2_C,3_C,4_B,5_A,6_B,7_B,8_C,9_B,10_A,11_B,12_A,Basic
STD_0477,1_C,2_C,3_B,4_B,5_A,6_B,7_A,8_B,9_C,10_A,11_C,12_B,Proficient
STD_0478,1_C,2_A,3_B,4_A,5_B,6_B,7_C,8_C,9_B,10_A,11_B,12_A,Proficient
STD_0479,1_C,2_A,3_B,4_A,5_C,6_B,7_A,8_B,9_B,10_A,11_B,12_B,Advanced
STD_0480,1_C,2_B,3_C,4_A,5_C,6_A,7_C,8_A,9_B,10_C,11_B,12_A,Basic
STD_0481,1_A,2_A,3_C,4_A,5_A,6_C,7_B,8_C,9_B,10_A,11_B,12_C,Basic
STD_0482,1_C,2_A,3_B,4_A,5_B,6_B,7_C,8_C,9_B,10_C,11_B,12_B,Proficient
STD_0483,1_B,2_B,3_C,4_B,5_C,6_C,7_B,8_C,9_A,10_B,11_A,12_C,NSI
STD_0484,1_B,2_B,3_B,4_B,5_A,6_C,7_C,8_A,9_C,10_C,11_A,12_B,NSI
STD_0485,1_B,2_C,3_B,4_C,5_B,6_B,7_C,8_C,9_C,10_C,11_C,12_B,Basic
STD_0486,1_C,2_A,3_B,4_C,5_B,6_B,7_A,8_B,9_B,10_A,11_C,12_B,Advanced
STD_0487,1_B,2_C,3_A,4_C,5_C,6_B,7_B,8_C,9_A,10_C,11_B,12_B,Basic
STD_0488,1_A,2_B,3_B,4_B,5_C,6_A,7_B,8_A,9_C,10_B,11_A,12_C,NSI
STD_0489,1_C,2_A,3_B,4_C,5_A,6_B,7_A,8_B,9_B,10_A,11_B,12_A,Proficient
STD_0490,1_A,2_B,3_C,4_B,5_C,6_A,7_C,8_C,9_C,10_C,11_A,12_B,NSI
STD_0491,1_A,2_B,3_A,4_B,5_B,6_A,7_C,8_A,9_A,10_C,11_A,12_B,NSI
STD_0492,1_A,2_C,3_C,4_C,5_A,6_A,7_A,8_A,9_C,10_C,11_A,12_C,NSI
STD_0493,1_B,2_A,3_C,4_C,5_B,6_A,7_B,8_B,9_A,10_A,11_C,12_B,Basic
STD_0494,1_C,2_C,3_A,4_C,5_C,6_C,7_C,8_A,9_C,10_B,11_C,12_C,Basic
STD_0495,1_A,2_B,3_C,4_B,5_B,6_A,7_C,8_A,9_C,10_C,11_A,12_C,NSI
STD_0496,1_A,2_B,3_A,4_B,5_B,6_A,7_B,8_C,9_C,10_B,11_C,12_A,NSI
STD_0497,1_A,2_C,3_A,4_C,5_C,6_C,7_A,8_A,9_B,10_B,11_B,12_C,Basic
STD_0498,1_A,2_B,3_C,4_B,5_C,6_A,7_A,8_B,9_A,10_C,11_A,12_C,NSI
STD_0499,1_B,2_A,3_A,4_C,5_A,6_B,7_A,8_C,9_A,10_B,11_A,12_C,Basic
STD_0500,1_B,2_A,3_C,4_A,5_A,6_B,7_C,8_B,9_A,10_B,11_B,12_A,Proficient
STD_0501,1_C,2_A,3_B,4_B,5_B,6_B,7_B,8_A,9_A,10_A,11_A,12_C,Proficient
STD_0502,1_C,2_A,3_C,4_C,5_B,6_A,7_B,8_B,9_B,10_A,11_B,12_C,Proficient
STD_0503,1_C,2_C,3_A,4_C,5_A,6_A,7_C,8_C,9_C,10_B,11_B,12_B,Basic
STD_0504,1_C,2_A,3_B,4_A,5_B,6_B,7_A,8_B,9_B,10_A,11_B,12_B,Advanced
STD_0505,1_A,2_C,3_C,4_C,5_B,6_B,7_C,8_C,9_C,10_A,11_C,12_B,Basic
STD_0506,1_C,2_A,3_B,4_A,5_B,6_B,7_A,8_B,9_B,10_A,11_B,12_B,Advanced
STD_0507,1_C,2_A,3_B,4_A,5_C,6_B,7_A,8_B,9_B,10_A,11_B,12_B,Proficient
STD_0508,1_C,2_A,3_B,4_C,5_B,6_A,7_A,8_B,9_A,10_B,11_B,12_C,Proficient
STD_0509,1_A,2_A,3_C,4_A,5_A,6_A,7_B,8_C,9_C,10_B,11_C,12_A,Basic
STD_0510,1_C,2_C,3_A,4_B,5_C,6_A,7_C,8_A,9_A,10_C,11_A,12_C,NSI
STD_0511,1_B,2_B,3_A,4_B,5_A,6_C,7_B,8_A,9_A,10_C,11_A,12_C,NSI
STD_0512,1_C,2_A,3_A,4_C,5_C,6_B,7_B,8_A,9_A,10_A,11_C,12_C,Basic
STD_0513,1_B,2_A,3_B,4_A,5_B,6_B,7_A,8_B,9_B,10_A,11_B,12_B,Proficient
STD_0514,1_A,2_C,3_A,4_B,5_A,6_C,7_B,8_A,9_C,10_B,11_A,12_B,NSI
STD_0515,1_B,2_C,3_A,4_C,5_A,6_A,7_C,8_A,9_A,10_C,11_A,12_C,NSI
STD_0516,1_B,2_C,3_A,4_C,5_B,6_B,7_A,8_A,9_C,10_C,11_A,12_A,NSI
STD_0517,1_C,2_A,3_B,4_A,5_B,6_B,7_A,8_B,9_B,10_A,11_C,12_B,Proficient
STD_0518,1_B,2_A,3_B,4_A,5_A,6_B,7_A,8_B,9_B,10_A,11_B,12_B,Proficient
STD_0519,1_A,2_B,3_C,4_B,5_C,6_B,7_B,8_A,9_A,10_C,11_A,12_A,NSI
STD_0520,1_A,2_B,3_A,4_A,5_C,6_C,7_A,8_A,9_C,10_B,11_A,12_C,NSI
STD_0521,1_A,2_A,3_C,4_A,5_C,6_B,7_A,8_B,9_B,10_A,11_C,12_B,Proficient
STD_0522,1_A,2_B,3_C,4_B,5_A,6_C,7_C,8_A,9_A,10_B,11_A,12_A,NSI
STD_0523,1_B,2_A,3_B,4_C,5_A,6_C,7_C,8_C,9_B,10_A,11_C,12_B,Basic
STD_0524,1_C,2_B,3_C,4_B,5_A,6_C,7_A,8_A,9_A,10_B,11_A,12_B,NSI
STD_0525,1_A,2_A,3_B,4_B,5_C,6_B,7_B,8_A,9_B,10_C,11_A,12_A,Basic
STD_0526,1_B,2_A,3_B,4_A,5_B,6_B,7_A,8_B,9_B,10_A,11_A,12_C,Proficient
STD_0527,1_B,2_B,3_A,4_B,5_C,6_C,7_B,8_A,9_A,10_C,11_A,12_A,NSI
STD_0528,1_B,2_B,3_C,4_B,5_A,6_A,7_C,8_C,9_B,10_C,11_C,12_B,Basic
STD_0529,1_C,2_A,3_C,4_C,5_C,6_B,7_B,8_B,9_A,10_B,11_C,12_C,Basic
STD_0530,1_B,2_A,3_A,4_A,5_B,6_B,7_C,8_C,9_C,10_A,11_B,12_C,Basic
STD_0531,1_C,2_A,3_A,4_A,5_C,6_A,7_A,8_C,9_C,10_B,11_C,12_C,Basic
STD_0532,1_A,2_C,3_A,4_B,5_C,6_A,7_C,8_C,9_B,10_C,11_B,12_A,Basic
STD_0533,1_B,2_A,3_C,4_C,5_B,6_A,7_C,8_C,9_C,10_C,11_B,12_C,Basic
STD_0534,1_A,2_A,3_C,4_A,5_A,6_C,7_A,8_C,9_C,10_B,11_C,12_B,Basic
STD_0535,1_B,2_A,3_C,4_C,5_A,6_C,7_C,8_C,9_A,10_B,11_A,12_B,Basic
STD_0536,1_C,2_A,3_B,4_A,5_B,6_B,7_A,8_B,9_B,10_A,11_B,12_B,Proficient
STD_0537,1_A,2_C,3_C,4_B,5_C,6_C,7_B,8_A,9_C,10_C,11_A,12_A,NSI
STD_0538,1_A,2_B,3_A,4_B,5_A,6_C,7_C,8_A,9_A,10_C,11_A,12_C,NSI
STD_0539,1_B,2_B,3_A,4_C,5_B,6_A,7_C,8_A,9_A,10_C,11_C,12_C,NSI
STD_0540,1_A,2_B,3_A,4_B,5_C,6_A,7_C,8_C,9_C,10_B,11_A,12_C,NSI
STD_0541,1_A,2_B,3_C,4_B,5_A,6_C,7_A,8_A,9_A,10_C,11_A,12_C,NSI
STD_0542,1_A,2_C,3_A,4_A,5_C,6_B,7_C,8_C,9_A,10_A,11_B,12_C,Basic
STD_0543,1_A,2_B,3_C,4_C,5_C,6_C,7_B,8_A,9_C,10_B,11_C,12_C,NSI
STD_0544,1_A,2_C,3_A,4_B,5_A,6_C,7_B,8_C,9_A,10_A,11_A,12_A,NSI
STD_0545,1_C,2_A,3_C,4_A,5_B,6_B,7_B,8_B,9_B,10_A,11_B,12_B,Proficient
STD_0546,1_B,2_A,3_C,4_C,5_A,6_C,7_B,8_C,9_A,10_A,11_C,12_A,Basic
STD_0547,1_B,2_A,3_B,4_A,5_B,6_B,7_A,8_B,9_B,10_A,11_B,12_B,Proficient
STD_0548,1_A,2_B,3_C,4_C,5_C,6_A,7_A,8_A,9_A,10_B,11_A,12_C,NSI
STD_0549,1_B,2_A,3_C,4_C,5_B,6_B,7_C,8_A,9_C,10_A,11_B,12_C,Basic
STD_0550,1_B,2_B,3_A,4_B,5_C,6_C,7_B,8_A,9_A,10_B,11_A,12_C,NSI
STD_0551,1_C,2_B,3_C,4_B,5_B,6_A,7_B,8_C,9_C,10_B,11_C,12_A,Basic
STD_0552,1_C,2_A,3_B,4_A,5_B,6_B,7_A,8_B,9_C,10_B,11_B,12_A,Proficient
STD_0553,1_A,2_B,3_A,4_A,5_A,6_A,7_C,8_A,9_A,10_B,11_A,12_C,NSI
STD_0554,1_C,2_A,3_B,4_A,5_B,6_B,7_A,8_B,9_B,10_A,11_B,12_B,Advanced
STD_0555,1_A,2_C,3_C,4_B,5_A,6_A,7_C,8_A,9_A,10_C,11_A,12_C,NSI
STD_0556,1_B,2_C,3_A,4_C,5_B,6_B,7_A,8_C,9_C,10_C,11_C,12_A,Basic
STD_0557,1_A,2_A,3_B,4_B,5_C,6_B,7_B,8_A,9_C,10_B,11_A,12_C,Basic
STD_0558,1_A,2_A,3_C,4_A,5_C,6_A,7_A,8_B,9_C,10_C,11_C,12_C,Basic
STD_0559,1_B,2_C,3_C,4_B,5_B,6_A,7_C,8_A,9_A,10_A,11_A,12_B,NSI
STD_0560,1_B,2_A,3_A,4_C,5_A,6_A,7_A,8_C,9_C,10_A,11_C,12_A,Basic
STD_0561,1_C,2_A,3_B,4_A,5_A,6_C,7_B,8_A,9_A,10_A,11_B,12_C,Basic
STD_0562,1_A,2_B,3_C,4_B,5_A,6_C,7_C,8_C,9_A,10_B,11_C,12_C,NSI
STD_0563,1_A,2_B,3_B,4_B,5_A,6_A,7_B,8_A,9_B,10_C,11_C,12_C,NSI
STD_0564,1_C,2_A,3_B,4_A,5_C,6_B,7_C,8_B,9_C,10_A,11_B,12_B,Proficient
STD_0565,1_C,2_A,3_B,4_C,5_B,6_B,7_B,8_B,9_B,10_A,11_A,12_A,Proficient
STD_0566,1_B,2_A,3_A,4_C,5_A,6_A,7_A,8_C,9_A,10_C,11_C,12_C,Basic
STD_0567,1_B,2_B,3_A,4_B,5_A,6_C,7_C,8_A,9_A,10_C,11_A,12_B,NSI
STD_0568,1_A,2_C,3_A,4_A,5_B,6_A,7_C,8_A,9_A,10_B,11_A,12_A,NSI
STD_0569,1_A,2_C,3_A,4_B,5_A,6_C,7_C,8_C,9_C,10_C,11_B,12_C,NSI
STD_0570,1_A,2_C,3_A,4_B,5_C,6_C,7_B,8_A,9_A,10_A,11_A,12_C,NSI
STD_0571,1_B,2_C,3_C,4_C,5_B,6_C,7_A,8_B,9_C,10_A,11_C,12_C,Basic
STD_0572,1_A,2_C,3_C,4_B,5_A,6_A,7_C,8_C,9_A,10_C,11_A,12_C,NSI
STD_0573,1_B,2_A,3_C,4_C,5_B,6_B,7_C,8_B,9_A,10_B,11_B,12_B,Basic
STD_0574,1_A,2_C,3_C,4_A,5_A,6_C,7_B,8_A,9_A,10_C,11_A,12_A,NSI
STD_0575,1_A,2_A,3_C,4_A,5_C,6_C,7_B,8_C,9_B,10_B,11_C,12_A,Basic
STD_0576,1_C,2_A,3_B,4_A,5_C,6_B,7_A,8_B,9_B,10_A,11_B,12_B,Proficient
STD_0577,1_A,2_C,3_C,4_A,5_A,6_C,7_A,8_B,9_C,10_B,11_C,12_A,NSI
STD_0578,1_B,2_A,3_C,4_C,5_B,6_B,7_C,8_B,9_C,10_A,11_C,12_C,Basic
STD_0579,1_A,2_C,3_C,4_B,5_A,6_C,7_B,8_A,9_C,10_C,11_C,12_C,NSI
STD_0580,1_B,2_C,3_B,4_A,5_C,6_B,7_A,8_B,9_C,10_C,11_C,12_B,Proficient
STD_0581,1_A,2_A,3_A,4_B,5_C,6_C,7_B,8_B,9_B,10_C,11_C,12_A,Basic
STD_0582,1_C,2_C,3_B,4_C,5_C,6_B,7_C,8_C,9_A,10_B,11_B,12_A,Basic
STD_0583,1_C,2_B,3_A,4_A,5_C,6_B,7_B,8_B,9_C,10_A,11_B,12_B,Proficient
STD_0584,1_B,2_C,3_A,4_C,5_C,6_A,7_C,8_C,9_A,10_B,11_B,12_A,NSI
STD_0585,1_C,2_A,3_B,4_C,5_B,6_B,7_A,8_B,9_B,10_A,11_B,12_B,Proficient
STD_0586,1_A,2_C,3_B,4_B,5_C,6_B,7_C,8_A,9_C,10_A,11_C,12_C,Basic
STD_0587,1_B,2_A,3_B,4_A,5_B,6_B,7_A,8_B,9_B,10_A,11_B,12_B,Advanced
STD_0588,1_A,2_B,3_C,4_C,5_A,6_A,7_A,8_A,9_A,10_C,11_A,12_B,NSI
STD_0589,1_A,2_A,3_A,4_A,5_A,6_C,7_B,8_C,9_B,10_B,11_C,12_A,Basic
STD_0590,1_C,2_B,3_C,4_C,5_C,6_C,7_C,8_A,9_A,10_C,11_A,12_A,NSI
STD_0591,1_C,2_A,3_B,4_A,5_B,6_B,7_A,8_B,9_B,10_A,11_B,12_B,Advanced
STD_0592,1_B,2_C,3_C,4_B,5_B,6_C,7_C,8_B,9_B,10_C,11_C,12_A,NSI
STD_0593,1_A,2_B,3_C,4_C,5_A,6_C,7_C,8_B,9_A,10_C,11_A,12_B,NSI
STD_0594,1_A,2_C,3_B,4_B,5_C,6_C,7_B,8_A,9_A,10_B,11_B,12_C,NSI
STD_0595,1_B,2_B,3_B,4_A,5_A,6_C,7_B,8_B,9_B,10_A,11_A,12_C,Basic
STD_0596,1_B,2_B,3_C,4_C,5_A,6_B,7_A,8_B,9_C,10_C,11_B,12_A,Basic
STD_0597,1_A,2_C,3_A,4_B,5_A,6_A,7_A,8_C,9_A,10_B,11_A,12_A,NSI
STD_0598,1_A,2_C,3_A,4_B,5_A,6_C,7_B,8_A,9_A,10_B,11_A,12_C,NSI
STD_0599,1_B,2_A,3_A,4_B,5_C,6_C,7_B,8_C,9_C,10_A,11_B,12_B,Basic
STD_0600,1_C,2_B,3_C,4_B,5_C,6_C,7_B,8_A,9_A,10_A,11_A,12_C,NSI
STD_0601,1_A,2_C,3_A,4_B,5_B,6_A,7_C,8_A,9_A,10_C,11_A,12_A,NSI
STD_0602,1_C,2_C,3_C,4_C,5_C,6_A,7_A,8_C,9_B,10_A,11_B,12_A,Basic
STD_0603,1_C,2_C,3_A,4_B,5_C,6_C,7_C,8_C,9_B,10_C,11_C,12_C,Basic
STD_0604,1_C,2_A,3_B,4_A,5_A,6_B,7_C,8_A,9_B,10_A,11_B,12_B,Proficient
STD_0605,1_A,2_B,3_A,4_B,5_A,6_A,7_A,8_B,9_A,10_C,11_A,12_A,NSI
STD_0606,1_A,2_B,3_C,4_B,5_C,6_A,7_B,8_A,9_C,10_C,11_C,12_C,NSI
STD_0607,1_B,2_C,3_B,4_C,5_A,6_A,7_C,8_B,9_C,10_A,11_B,12_C,Basic
STD_0608,1_B,2_C,3_B,4_A,5_C,6_A,7_C,8_B,9_B,10_B,11_A,12_B,Basic
STD_0609,1_B,2_C,3_C,4_A,5_A,6_C,7_B,8_A,9_B,10_C,11_C,12_C,NSI
STD_0610,1_A,2_B,3_B,4_B,5_A,6_C,7_B,8_A,9_A,10_A,11_A,12_C,NSI
STD_0611,1_C,2_A,3_C,4_C,5_A,6_A,7_C,8_B,9_C,10_A,11_C,12_A,Basic
STD_0612,1_C,2_A,3_B,4_B,5_B,6_C,7_A,8_B,9_A,10_C,11_B,12_A,Basic
STD_0613,1_B,2_A,3_A,4_C,5_A,6_A,7_B,8_B,9_B,10_A,11_B,12_B,Basic
STD_0614,1_B,2_C,3_B,4_A,5_B,6_B,7_B,8_A,9_C,10_B,11_C,12_C,Basic
STD_0615,1_C,2_A,3_A,4_C,5_C,6_A,7_C,8_B,9_C,10_A,11_C,12_A,Basic
STD_0616,1_B,2_B,3_B,4_A,5_A,6_A,7_B,8_C,9_C,10_C,11_C,12_B,Basic
STD_0617,1_C,2_C,3_B,4_A,5_B,6_B,7_B,8_B,9_B,10_A,11_B,12_B,Proficient
STD_0618,1_B,2_A,3_B,4_C,5_C,6_A,7_B,8_C,9_A,10_A,11_C,12_A,Basic
STD_0619,1_C,2_C,3_A,4_C,5_A,6_A,7_B,8_A,9_C,10_A,11_B,12_B,Basic
STD_0620,1_B,2_A,3_B,4_A,5_A,6_B,7_A,8_B,9_B,10_B,11_C,12_A,Basic
STD_0621,1_C,2_A,3_B,4_A,5_C,6_B,7_A,8_B,9_B,10_A,11_B,12_B,Advanced
STD_0622,1_C,2_C,3_C,4_B,5_C,6_A,7_C,8_A,9_B,10_B,11_A,12_C,NSI
STD_0623,1_A,2_B,3_A,4_C,5_C,6_B,7_B,8_B,9_B,10_A,11_C,12_C,Basic
STD_0624,1_C,2_A,3_B,4_A,5_B,6_B,7_A,8_C,9_B,10_A,11_B,12_B,Advanced
STD_0625,1_B,2_B,3_C,4_A,5_A,6_B,7_C,8_C,9_C,10_A,11_B,12_A,Basic
STD_0626,1_B,2_A,3_C,4_C,5_A,6_C,7_B,8_B,9_A,10_C,11_C,12_A,Basic
STD_0627,1_C,2_A,3_B,4_A,5_B,6_B,7_A,8_B,9_B,10_A,11_B,12_C,Proficient
STD_0628,1_B,2_C,3_B,4_C,5_C,6_B,7_C,8_A,9_A,10_A,11_C,12_B,Basic
STD_0629,1_C,2_A,3_B,4_A,5_B,6_B,7_A,8_B,9_B,10_A,11_B,12_C,Advanced
STD_0630,1_B,2_B,3_C,4_C,5_C,6_B,7_C,8_B,9_C,10_B,11_A,12_C,Basic
STD_0631,1_C,2_A,3_A,4_C,5_A,6_B,7_B,8_C,9_B,10_A,11_B,12_A,Basic
STD_0632,1_B,2_C,3_B,4_A,5_C,6_C,7_B,8_C,9_A,10_A,11_B,12_A,Basic
STD_0633,1_B,2_C,3_A,4_B,5_A,6_C,7_C,8_A,9_C,10_B,11_C,12_C,NSI
STD_0634,1_B,2_C,3_B,4_C,5_A,6_A,7_B,8_C,9_A,10_A,11_A,12_C,Basic
STD_0635,1_A,2_B,3_A,4_B,5_A,6_C,7_A,8_A,9_A,10_C,11_A,12_C,NSI
STD_0636,1_A,2_C,3_A,4_B,5_B,6_C,7_A,8_A,9_C,10_B,11_A,12_B,NSI
STD_0637,1_C,2_A,3_A,4_A,5_A,6_A,7_B,8_C,9_B,10_B,11_C,12_C,Basic
STD_0638,1_B,2_A,3_B,4_A,5_A,6_C,7_A,8_C,9_C,10_A,11_C,12_A,Basic
STD_0639,1_A,2_C,3_B,4_C,5_C,6_C,7_C,8_A,9_A,10_C,11_B,12_A,NSI
STD_0640,1_C,2_C,3_C,4_A,5_B,6_B,7_A,8_B,9_C,10_A,11_C,12_C,Basic
STD_0641,1_C,2_B,3_A,4_C,5_C,6_C,7_B,8_A,9_A,10_C,11_C,12_C,NSI
STD_0642,1_C,2_B,3_A,4_C,5_A,6_B,7_A,8_C,9_A,10_C,11_A,12_C,NSI
STD_0643,1_A,2_C,3_C,4_C,5_B,6_A,7_A,8_B,9_A,10_A,11_A,12_B,NSI
STD_0644,1_B,2_B,3_B,4_C,5_C,6_C,7_A,8_C,9_C,10_A,11_B,12_A,Basic
STD_0645,1_A,2_A,3_B,4_B,5_A,6_B,7_B,8_B,9_B,10_A,11_B,12_B,Proficient
STD_0646,1_B,2_C,3_C,4_B,5_C,6_C,7_C,8_C,9_A,10_A,11_C,12_C,NSI
STD_0647,1_B,2_A,3_B,4_B,5_C,6_A,7_A,8_C,9_C,10_B,11_A,12_A,Basic
STD_0648,1_C,2_B,3_A,4_B,5_C,6_C,7_B,8_A,9_A,10_C,11_C,12_C,NSI
STD_0649,1_A,2_B,3_A,4_B,5_A,6_A,7_C,8_A,9_B,10_C,11_A,12_C,NSI
STD_0650,1_B,2_B,3_B,4_B,5_A,6_A,7_A,8_B,9_C,10_A,11_A,12_A,Basic
STD_0651,1_B,2_B,3_C,4_B,5_C,6_C,7_B,8_B,9_A,10_C,11_A,12_C,NSI
STD_0652,1_C,2_A,3_B,4_A,5_B,6_B,7_A,8_B,9_B,10_A,11_B,12_B,Advanced
STD_0653,1_C,2_B,3_C,4_A,5_B,6_C,7_C,8_C,9_A,10_B,11_C,12_B,NSI
STD_0654,1_A,2_B,3_A,4_B,5_A,6_C,7_B,8_A,9_A,10_B,11_A,12_C,NSI
STD_0655,1_B,2_A,3_B,4_C,5_A,6_C,7_B,8_A,9_C,10_A,11_A,12_A,Basic
STD_0656,1_A,2_C,3_C,4_A,5_B,6_C,7_A,8_C,9_B,10_C,11_A,12_C,Basic
STD_0657,1_B,2_A,3_B,4_A,5_B,6_B,7_B,8_C,9_B,10_C,11_B,12_A,Proficient
STD_0658,1_A,2_C,3_B,4_C,5_C,6_A,7_A,8_C,9_C,10_B,11_A,12_A,Basic
STD_0659,1_B,2_B,3_B,4_A,5_B,6_B,7_B,8_C,9_C,10_B,11_B,12_C,Basic
STD_0660,1_B,2_C,3_B,4_B,5_C,6_A,7_C,8_B,9_C,10_A,11_B,12_C,Basic
STD_0661,1_C,2_A,3_B,4_A,5_B,6_B,7_A,8_B,9_B,10_A,11_B,12_A,Advanced
STD_0662,1_A,2_B,3_B,4_B,5_C,6_C,7_C,8_A,9_C,10_B,11_A,12_C,NSI
STD_0663,1_A,2_C,3_C,4_B,5_B,6_A,7_C,8_A,9_C,10_C,11_C,12_C,NSI
STD_0664,1_A,2_C,3_C,4_B,5_C,6_B,7_C,8_A,9_B,10_C,11_A,12_C,NSI
STD_0665,1_B,2_A,3_A,4_C,5_C,6_C,7_B,8_A,9_C,10_C,11_B,12_B,Basic
STD_0666,1_A,2_B,3_C,4_A,5_A,6_A,7_C,8_A,9_A,10_B,11_A,12_A,NSI
STD_0667,1_C,2_C,3_B,4_C,5_B,6_C,7_B,8_C,9_C,10_B,11_A,12_B,Basic
STD_0668,1_C,2_B,3_C,4_C,5_B,6_A,7_A,8_C,9_C,10_A,11_B,12_C,Basic
STD_0669,1_B,2_A,3_B,4_A,5_B,6_B,7_A,8_B,9_C,10_C,11_B,12_A,Proficient
STD_0670,1_A,2_C,3_C,4_B,5_A,6_A,7_C,8_A,9_A,10_C,11_B,12_C,NSI
STD_0671,1_B,2_B,3_A,4_A,5_C,6_B,7_B,8_A,9_A,10_C,11_B,12_C,Basic
STD_0672,1_C,2_B,3_B,4_A,5_C,6_B,7_A,8_B,9_B,10_A,11_C,12_C,Proficient
STD_0673,1_C,2_A,3_B,4_A,5_B,6_B,7_A,8_B,9_B,10_A,11_B,12_B,Advanced
STD_0674,1_C,2_B,3_A,4_B,5_C,6_B,7_C,8_C,9_A,10_A,11_B,12_C,Basic
STD_0675,1_A,2_B,3_A,4_B,5_C,6_A,7_C,8_C,9_A,10_C,11_A,12_A,NSI
STD_0676,1_C,2_A,3_A,4_C,5_B,6_A,7_C,8_C,9_A,10_B,11_C,12_A,Basic
STD_0677,1_B,2_C,3_B,4_A,5_B,6_A,7_C,8_A,9_C,10_A,11_C,12_B,Basic
STD_0678,1_C,2_A,3_B,4_A,5_B,6_B,7_A,8_B,9_B,10_A,11_B,12_B,Advanced
STD_0679,1_B,2_B,3_B,4_A,5_C,6_A,7_A,8_B,9_A,10_B,11_A,12_A,Basic
STD_0680,1_C,2_A,3_B,4_A,5_B,6_B,7_A,8_B,9_C,10_A,11_B,12_A,Proficient
STD_0681,1_A,2_C,3_C,4_B,5_C,6_A,7_C,8_A,9_A,10_B,11_C,12_B,NSI
STD_0682,1_A,2_C,3_B,4_A,5_C,6_B,7_C,8_A,9_A,10_A,11_B,12_A,Basic
STD_0683,1_C,2_A,3_B,4_C,5_B,6_B,7_A,8_B,9_B,10_A,11_B,12_B,Advanced
STD_0684,1_B,2_A,3_B,4_C,5_A,6_C,7_C,8_C,9_B,10_B,11_A,12_C,Basic
STD_0685,1_A,2_A,3_B,4_C,5_A,6_A,7_C,8_C,9_B,10_A,11_B,12_A,Basic
STD_0686,1_B,2_C,3_B,4_A,5_C,6_B,7_C,8_C,9_C,10_C,11_C,12_A,Basic
STD_0687,1_C,2_C,3_A,4_B,5_C,6_C,7_B,8_A,9_A,10_C,11_A,12_A,NSI
STD_0688,1_C,2_A,3_C,4_C,5_C,6_A,7_A,8_C,9_C,10_A,11_A,12_A,Basic
STD_0689,1_C,2_C,3_A,4_B,5_B,6_C,7_C,8_C,9_A,10_C,11_A,12_C,NSI
STD_0690,1_C,2_A,3_B,4_A,5_B,6_B,7_C,8_C,9_B,10_A,11_B,12_B,Proficient
STD_0691,1_A,2_C,3_C,4_C,5_A,6_A,7_A,8_C,9_A,10_C,11_C,12_B,NSI
STD_0692,1_C,2_A,3_B,4_A,5_B,6_B,7_C,8_B,9_B,10_A,11_C,12_B,Proficient
STD_0693,1_B,2_B,3_C,4_B,5_C,6_A,7_B,8_C,9_B,10_B,11_B,12_A,Basic
STD_0694,1_B,2_A,3_C,4_B,5_C,6_B,7_C,8_C,9_B,10_C,11_A,12_C,Basic
STD_0695,1_C,2_A,3_B,4_B,5_C,6_B,7_B,8_C,9_B,10_C,11_C,12_C,Basic
STD_0696,1_A,2_C,3_B,4_C,5_A,6_B,7_B,8_C,9_C,10_B,11_C,12_A,Basic
STD_0697,1_C,2_C,3_B,4_C,5_C,6_A,7_B,8_C,9_B,10_C,11_A,12_A,Basic
STD_0698,1_B,2_C,3_C,4_C,5_B,6_A,7_C,8_A,9_A,10_C,11_A,12_A,NSI
STD_0699,1_C,2_A,3_B,4_A,5_B,6_C,7_C,8_B,9_B,10_A,11_A,12_A,Proficient
STD_0700,1_A,2_A,3_B,4_A,5_C,6_C,7_C,8_B,9_B,10_A,11_B,12_A,Proficient
STD_0701,1_C,2_B,3_C,4_B,5_A,6_A,7_A,8_C,9_A,10_B,11_A,12_C,NSI
STD_0702,1_B,2_A,3_C,4_A,5_B,6_C,7_A,8_A,9_C,10_A,11_C,12_B,Basic
STD_0703,1_C,2_A,3_B,4_A,5_B,6_C,7_A,8_B,9_B,10_A,11_A,12_B,Advanced
STD_0704,1_B,2_C,3_B,4_B,5_A,6_A,7_A,8_C,9_C,10_A,11_C,12_C,Basic
STD_0705,1_B,2_A,3_B,4_C,5_A,6_B,7_B,8_B,9_B,10_A,11_B,12_A,Proficient
STD_0706,1_C,2_C,3_A,4_C,5_B,6_C,7_C,8_C,9_B,10_C,11_C,12_B,Basic
STD_0707,1_A,2_C,3_A,4_C,5_A,6_B,7_B,8_B,9_C,10_C,11_B,12_C,Basic
STD_0708,1_B,2_C,3_A,4_B,5_C,6_A,7_C,8_A,9_A,10_B,11_A,12_A,NSI
STD_0709,1_A,2_A,3_C,4_A,5_A,6_A,7_B,8_A,9_C,10_B,11_A,12_C,Basic
STD_0710,1_B,2_B,3_A,4_A,5_C,6_A,7_A,8_A,9_A,10_C,11_A,12_C,NSI
STD_0711,1_C,2_A,3_B,4_A,5_B,6_B,7_A,8_B,9_B,10_A,11_B,12_B,Advanced
STD_0712,1_C,2_A,3_B,4_A,5_B,6_B,7_A,8_B,9_B,10_A,11_B,12_B,Advanced
STD_0713,1_C,2_A,3_B,4_A,5_B,6_B,7_A,8_B,9_B,10_A,11_B,12_B,Advanced
STD_0714,1_B,2_C,3_A,4_B,5_B,6_A,7_C,8_A,9_A,10_B,11_C,12_A,NSI
STD_0715,1_A,2_C,3_C,4_A,5_C,6_C,7_A,8_A,9_C,10_A,11_A,12_A,NSI
STD_0716,1_B,2_C,3_A,4_C,5_A,6_A,7_B,8_B,9_A,10_A,11_A,12_C,NSI
STD_0717,1_A,2_A,3_A,4_B,5_C,6_A,7_C,8_A,9_A,10_B,11_A,12_A,NSI
STD_0718,1_B,2_B,3_A,4_B,5_C,6_C,7_C,8_A,9_B,10_B,11_A,12_A,NSI
STD_0719,1_B,2_B,3_B,4_C,5_B,6_B,7_A,8_C,9_B,10_C,11_C,12_C,Basic
STD_0720,1_B,2_A,3_B,4_C,5_A,6_A,7_B,8_C,9_C,10_C,11_C,12_A,Basic
STD_0721,1_A,2_A,3_A,4_C,5_B,6_B,7_B,8_B,9_C,10_B,11_B,12_C,Basic
STD_0722,1_C,2_A,3_C,4_C,5_B,6_B,7_B,8_B,9_C,10_A,11_B,12_B,Proficient
STD_0723,1_A,2_C,3_C,4_B,5_B,6_A,7_C,8_A,9_A,10_B,11_A,12_B,NSI
STD_0724,1_A,2_B,3_C,4_C,5_C,6_C,7_C,8_C,9_B,10_C,11_A,12_B,NSI
STD_0725,1_B,2_B,3_C,4_B,5_C,6_C,7_C,8_C,9_A,10_A,11_C,12_C,NSI
STD_0726,1_A,2_A,3_A,4_A,5_A,6_A,7_A,8_A,9_C,10_C,11_A,12_A,NSI
STD_0727,1_B,2_B,3_C,4_B,5_A,6_A,7_B,8_C,9_A,10_B,11_C,12_C,NSI
STD_0728,1_A,2_C,3_C,4_B,5_A,6_A,7_C,8_C,9_A,10_C,11_A,12_C,NSI
STD_0729,1_B,2_A,3_B,4_A,5_A,6_A,7_B,8_B,9_B,10_A,11_B,12_B,Proficient
STD_0730,1_B,2_A,3_C,4_B,5_B,6_C,7_B,8_C,9_B,10_A,11_B,12_B,Basic
STD_0731,1_C,2_A,3_B,4_A,5_B,6_B,7_A,8_B,9_C,10_A,11_B,12_B,Proficient
STD_0732,1_B,2_C,3_C,4_B,5_A,6_A,7_B,8_A,9_C,10_C,11_C,12_B,NSI
STD_0733,1_A,2_B,3_C,4_B,5_C,6_A,7_C,8_C,9_A,10_C,11_A,12_B,NSI
STD_0734,1_B,2_A,3_C,4_C,5_B,6_B,7_A,8_A,9_C,10_C,11_A,12_B,Basic
STD_0735,1_C,2_B,3_C,4_B,5_B,6_A,7_B,8_C,9_C,10_C,11_C,12_C,Basic
STD_0736,1_C,2_B,3_B,4_A,5_C,6_B,7_A,8_B,9_B,10_A,11_B,12_B,Proficient
STD_0737,1_A,2_B,3_B,4_A,5_B,6_B,7_B,8_C,9_A,10_B,11_A,12_C,Basic
STD_0738,1_A,2_C,3_C,4_C,5_A,6_B,7_C,8_C,9_B,10_C,11_B,12_B,Basic
STD_0739,1_C,2_A,3_B,4_A,5_B,6_B,7_A,8_B,9_B,10_A,11_B,12_B,Advanced
STD_0740,1_C,2_C,3_C,4_C,5_C,6_C,7_A,8_C,9_A,10_A,11_C,12_A,Basic
STD_0741,1_B,2_B,3_A,4_A,5_A,6_C,7_A,8_C,9_C,10_A,11_A,12_A,Basic
STD_0742,1_A,2_B,3_A,4_B,5_A,6_C,7_B,8_C,9_A,10_B,11_A,12_B,NSI
STD_0743,1_A,2_C,3_C,4_A,5_B,6_C,7_C,8_A,9_B,10_C,11_A,12_B,NSI
STD_0744,1_C,2_C,3_B,4_B,5_A,6_C,7_C,8_B,9_C,10_B,11_B,12_B,Basic
STD_0745,1_B,2_A,3_A,4_A,5_A,6_B,7_C,8_A,9_C,10_C,11_A,12_C,Basic
STD_0746,1_C,2_C,3_C,4_A,5_B,6_C,7_B,8_A,9_A,10_B,11_A,12_C,NSI
STD_0747,1_A,2_C,3_B,4_B,5_B,6_C,7_C,8_B,9_C,10_B,11_C,12_C,Basic
STD_0748,1_B,2_C,3_A,4_B,5_C,6_A,7_C,8_A,9_B,10_C,11_A,12_A,NSI
STD_0749,1_A,2_B,3_C,4_A,5_A,6_A,7_B,8_C,9_C,10_A,11_A,12_A,NSI
STD_0750,1_A,2_B,3_C,4_C,5_A,6_C,7_C,8_A,9_A,10_B,11_A,12_A,NSI
STD_0751,1_B,2_C,3_B,4_A,5_B,6_C,7_C,8_C,9_C,10_B,11_C,12_C,Basic
STD_0752,1_B,2_A,3_A,4_C,5_C,6_A,7_C,8_C,9_B,10_B,11_C,12_C,Basic
STD_0753,1_B,2_B,3_B,4_A,5_B,6_B,7_A,8_C,9_B,10_C,11_C,12_A,Basic
STD_0754,1_C,2_A,3_B,4_A,5_B,6_A,7_C,8_B,9_B,10_A,11_B,12_B,Proficient
STD_0755,1_B,2_C,3_A,4_B,5_C,6_C,7_B,8_B,9_C,10_C,11_A,12_B,Basic
STD_0756,1_C,2_A,3_B,4_A,5_B,6_B,7_A,8_B,9_B,10_A,11_B,12_B,Advanced
STD_0757,1_B,2_C,3_A,4_C,5_C,6_C,7_C,8_C,9_A,10_A,11_C,12_A,Basic
STD_0758,1_B,2_A,3_C,4_B,5_B,6_B,7_A,8_A,9_C,10_B,11_B,12_C,Basic
STD_0759,1_C,2_A,3_B,4_A,5_B,6_B,7_A,8_B,9_C,10_A,11_B,12_B,Advanced
STD_0760,1_C,2_A,3_A,4_A,5_B,6_C,7_A,8_B,9_C,10_A,11_C,12_A,Basic
STD_0761,1_B,2_B,3_A,4_B,5_C,6_A,7_B,8_A,9_B,10_B,11_A,12_C,NSI
STD_0762,1_A,2_B,3_C,4_B,5_C,6_A,7_B,8_C,9_A,10_A,11_B,12_B,NSI
STD_0763,1_A,2_C,3_C,4_B,5_B,6_A,7_B,8_A,9_C,10_C,11_A,12_C,NSI
STD_0764,1_B,2_A,3_B,4_A,5_A,6_C,7_A,8_B,9_C,10_B,11_B,12_B,Basic
STD_0765,1_B,2_B,3_C,4_A,5_A,6_C,7_C,8_C,9_A,10_A,11_C,12_C,Basic
STD_0766,1_C,2_B,3_B,4_B,5_B,6_C,7_C,8_B,9_C,10_A,11_C,12_B,Basic
STD_0767,1_A,2_C,3_C,4_C,5_C,6_A,7_A,8_A,9_A,10_C,11_A,12_A,NSI
STD_0768,1_A,2_C,3_A,4_C,5_C,6_C,7_A,8_C,9_B,10_C,11_A,12_C,NSI
STD_0769,1_B,2_A,3_A,4_B,5_C,6_C,7_C,8_A,9_A,10_B,11_C,12_A,NSI
STD_0770,1_B,2_A,3_C,4_C,5_A,6_C,7_B,8_C,9_C,10_B,11_C,12_C,Basic
STD_0771,1_C,2_B,3_C,4_B,5_C,6_A,7_B,8_A,9_A,10_B,11_A,12_A,NSI
STD_0772,1_A,2_B,3_C,4_A,5_C,6_B,7_B,8_A,9_A,10_C,11_A,12_B,NSI
STD_0773,1_A,2_C,3_A,4_C,5_C,6_C,7_A,8_A,9_C,10_A,11_C,12_A,Basic
STD_0774,1_B,2_A,3_B,4_B,5_B,6_B,7_B,8_C,9_C,10_C,11_C,12_C,Basic
STD_0775,1_C,2_A,3_B,4_A,5_A,6_B,7_A,8_B,9_B,10_A,11_C,12_A,Proficient
STD_0776,1_C,2_A,3_B,4_A,5_B,6_B,7_A,8_B,9_B,10_A,11_B,12_B,Advanced
STD_0777,1_B,2_C,3_B,4_A,5_A,6_C,7_C,8_C,9_C,10_A,11_B,12_A,Basic
STD_0778,1_C,2_B,3_A,4_C,5_B,6_B,7_C,8_A,9_A,10_C,11_C,12_C,Basic
STD_0779,1_B,2_A,3_B,4_B,5_C,6_A,7_A,8_A,9_B,10_A,11_C,12_B,Basic
STD_0780,1_A,2_B,3_C,4_C,5_A,6_B,7_C,8_C,9_A,10_C,11_C,12_A,Basic
STD_0781,1_C,2_A,3_B,4_C,5_B,6_B,7_A,8_B,9_B,10_A,11_B,12_B,Advanced
STD_0782,1_B,2_C,3_A,4_B,5_B,6_C,7_B,8_A,9_A,10_B,11_A,12_A,NSI
STD_0783,1_A,2_A,3_B,4_A,5_B,6_B,7_A,8_B,9_C,10_A,11_B,12_A,Advanced
STD_0784,1_B,2_A,3_B,4_A,5_A,6_B,7_A,8_B,9_B,10_A,11_B,12_B,Advanced
STD_0785,1_C,2_B,3_A,4_C,5_B,6_C,7_C,8_B,9_C,10_B,11_A,12_B,NSI
STD_0786,1_B,2_A,3_B,4_C,5_B,6_B,7_A,8_B,9_B,10_A,11_B,12_B,Proficient
STD_0787,1_B,2_A,3_B,4_C,5_B,6_C,7_B,8_B,9_B,10_A,11_C,12_C,Basic
STD_0788,1_B,2_C,3_C,4_B,5_C,6_C,7_C,8_A,9_A,10_C,11_C,12_A,NSI
STD_0789,1_C,2_C,3_A,4_A,5_C,6_C,7_C,8_C,9_C,10_A,11_C,12_A,Basic
STD_0790,1_C,2_A,3_B,4_A,5_C,6_B,7_C,8_B,9_B,10_A,11_C,12_B,Proficient
STD_0791,1_A,2_B,3_A,4_B,5_A,6_C,7_C,8_A,9_C,10_C,11_A,12_C,NSI
STD_0792,1_B,2_A,3_C,4_A,5_B,6_B,7_C,8_C,9_A,10_B,11_C,12_C,Basic
STD_0793,1_A,2_B,3_C,4_C,5_A,6_A,7_C,8_A,9_A,10_B,11_C,12_C,NSI
STD_0794,1_C,2_B,3_A,4_C,5_A,6_B,7_C,8_B,9_B,10_B,11_B,12_A,Basic
STD_0795,1_B,2_A,3_B,4_C,5_C,6_A,7_B,8_C,9_B,10_A,11_B,12_A,Basic
STD_0796,1_B,2_B,3_C,4_B,5_A,6_C,7_C,8_C,9_A,10_A,11_C,12_C,Basic
STD_0797,1_A,2_B,3_C,4_A,5_A,6_A,7_B,8_A,9_A,10_C,11_A,12_B,NSI
STD_0798,1_A,2_B,3_C,4_C,5_B,6_C,7_A,8_A,9_C,10_B,11_B,12_A,NSI
STD_0799,1_A,2_C,3_C,4_B,5_A,6_A,7_B,8_C,9_A,10_A,11_A,12_A,NSI
STD_0800,1_A,2_C,3_C,4_B,5_C,6_C,7_A,8_A,9_C,10_B,11_C,12_A,NSI
STD_0801,1_A,2_B,3_A,4_C,5_B,6_A,7_A,8_A,9_A,10_C,11_A,12_B,NSI
STD_0802,1_B,2_C,3_B,4_A,5_C,6_B,7_B,8_A,9_A,10_A,11_C,12_C,Basic
STD_0803,1_B,2_C,3_C,4_C,5_C,6_C,7_A,8_C,9_C,10_A,11_C,12_A,Basic
STD_0804,1_B,2_A,3_B,4_A,5_B,6_B,7_A,8_B,9_B,10_A,11_B,12_B,Proficient
STD_0805,1_A,2_B,3_C,4_C,5_C,6_C,7_A,8_C,9_A,10_B,11_C,12_A,Basic
STD_0806,1_C,2_A,3_B,4_A,5_B,6_B,7_A,8_B,9_B,10_A,11_B,12_B,Advanced
STD_0807,1_C,2_A,3_B,4_C,5_B,6_B,7_A,8_B,9_B,10_A,11_B,12_A,Proficient
STD_0808,1_A,2_B,3_B,4_B,5_B,6_A,7_A,8_A,9_A,10_C,11_B,12_C,NSI
STD_0809,1_B,2_C,3_B,4_B,5_A,6_C,7_A,8_A,9_A,10_B,11_C,12_C,Basic
STD_0810,1_C,2_B,3_C,4_B,5_C,6_B,7_C,8_A,9_B,10_C,11_A,12_C,Basic
STD_0811,1_A,2_C,3_C,4_C,5_C,6_A,7_B,8_C,9_A,10_C,11_A,12_A,NSI
STD_0812,1_A,2_A,3_B,4_C,5_C,6_B,7_C,8_C,9_A,10_A,11_B,12_B,Basic
STD_0813,1_A,2_A,3_B,4_B,5_C,6_C,7_A,8_A,9_A,10_C,11_C,12_C,Basic
STD_0814,1_A,2_C,3_A,4_C,5_C,6_C,7_A,8_A,9_A,10_B,11_A,12_C,NSI
STD_0815,1_A,2_B,3_B,4_B,5_C,6_C,7_C,8_A,9_B,10_C,11_B,12_C,NSI
STD_0816,1_B,2_A,3_A,4_C,5_A,6_B,7_A,8_C,9_B,10_B,11_A,12_C,Basic
STD_0817,1_B,2_C,3_C,4_B,5_C,6_A,7_C,8_A,9_A,10_C,11_C,12_A,NSI
STD_0818,1_A,2_B,3_A,4_C,5_A,6_A,7_C,8_A,9_A,10_B,11_A,12_A,NSI
STD_0819,1_B,2_A,3_C,4_A,5_A,6_A,7_C,8_C,9_A,10_A,11_C,12_B,Basic
STD_0820,1_B,2_C,3_C,4_C,5_B,6_B,7_C,8_A,9_C,10_A,11_A,12_C,Basic
STD_0821,1_C,2_A,3_B,4_C,5_A,6_B,7_C,8_B,9_C,10_B,11_C,12_A,Basic
STD_0822,1_C,2_A,3_B,4_A,5_B,6_B,7_A,8_B,9_B,10_A,11_B,12_B,Proficient
STD_0823,1_C,2_A,3_B,4_A,5_B,6_B,7_A,8_B,9_B,10_A,11_B,12_B,Advanced
STD_0824,1_C,2_A,3_B,4_A,5_B,6_B,7_A,8_B,9_C,10_A,11_B,12_B,Proficient
STD_0825,1_A,2_C,3_A,4_B,5_B,6_A,7_B,8_A,9_A,10_C,11_A,12_C,NSI
STD_0826,1_A,2_B,3_A,4_C,5_A,6_C,7_C,8_B,9_A,10_C,11_A,12_B,NSI
STD_0827,1_A,2_C,3_A,4_B,5_C,6_C,7_B,8_B,9_A,10_C,11_A,12_A,NSI
STD_0828,1_A,2_C,3_C,4_B,5_A,6_C,7_C,8_A,9_C,10_B,11_C,12_C,NSI
STD_0829,1_A,2_C,3_A,4_B,5_A,6_C,7_C,8_A,9_A,10_C,11_A,12_C,NSI
STD_0830,1_B,2_A,3_B,4_A,5_B,6_B,7_B,8_B,9_A,10_A,11_B,12_A,Proficient
STD_0831,1_C,2_B,3_B,4_C,5_A,6_B,7_B,8_B,9_B,10_A,11_A,12_B,Basic
STD_0832,1_B,2_C,3_C,4_A,5_A,6_C,7_B,8_A,9_C,10_A,11_C,12_A,Basic
STD_0833,1_A,2_B,3_C,4_C,5_A,6_B,7_B,8_B,9_C,10_C,11_A,12_C,NSI
STD_0834,1_C,2_A,3_B,4_A,5_B,6_B,7_A,8_B,9_B,10_A,11_B,12_A,Advanced
STD_0835,1_C,2_A,3_B,4_C,5_B,6_B,7_B,8_C,9_B,10_A,11_B,12_B,Proficient
STD_0836,1_B,2_A,3_B,4_A,5_C,6_B,7_A,8_B,9_B,10_A,11_C,12_C,Proficient
STD_0837,1_C,2_A,3_B,4_A,5_B,6_B,7_B,8_B,9_B,10_C,11_B,12_B,Advanced
STD_0838,1_B,2_A,3_C,4_A,5_B,6_B,7_B,8_C,9_C,10_A,11_C,12_C,Basic
STD_0839,1_B,2_A,3_B,4_C,5_A,6_B,7_B,8_C,9_C,10_A,11_B,12_A,Basic
STD_0840,1_B,2_A,3_C,4_A,5_A,6_B,7_B,8_B,9_B,10_C,11_B,12_A,Basic
STD_0841,1_C,2_C,3_A,4_B,5_C,6_B,7_B,8_C,9_C,10_A,11_A,12_A,Basic
STD_0842,1_C,2_A,3_B,4_C,5_C,6_B,7_B,8_B,9_B,10_A,11_B,12_B,Proficient
STD_0843,1_A,2_B,3_C,4_C,5_B,6_C,7_B,8_C,9_B,10_A,11_B,12_A,Basic
STD_0844,1_A,2_B,3_A,4_B,5_B,6_C,7_C,8_C,9_A,10_C,11_C,12_C,NSI
STD_0845,1_A,2_C,3_A,4_B,5_A,6_A,7_B,8_A,9_B,10_C,11_A,12_C,NSI
STD_0846,1_C,2_A,3_B,4_A,5_B,6_B,7_A,8_B,9_B,10_C,11_C,12_B,Proficient
STD_0847,1_B,2_A,3_C,4_C,5_A,6_B,7_B,8_C,9_B,10_B,11_B,12_A,Basic
STD_0848,1_C,2_A,3_B,4_A,5_A,6_C,7_C,8_C,9_B,10_A,11_B,12_B,Proficient
STD_0849,1_C,2_A,3_B,4_C,5_B,6_B,7_A,8_C,9_B,10_A,11_B,12_B,Proficient
STD_0850,1_B,2_A,3_C,4_A,5_C,6_A,7_B,8_A,9_A,10_B,11_C,12_A,Basic
STD_0851,1_C,2_A,3_B,4_A,5_B,6_B,7_A,8_B,9_B,10_A,11_B,12_B,Advanced
STD_0852,1_A,2_B,3_C,4_B,5_A,6_A,7_B,8_C,9_A,10_C,11_B,12_C,NSI
STD_0853,1_C,2_A,3_B,4_A,5_C,6_B,7_A,8_B,9_B,10_A,11_B,12_B,Advanced
STD_0854,1_A,2_B,3_A,4_B,5_A,6_C,7_A,8_C,9_B,10_C,11_A,12_B,NSI
STD_0855,1_C,2_A,3_B,4_A,5_A,6_B,7_A,8_C,9_B,10_A,11_A,12_C,Proficient
STD_0856,1_C,2_C,3_C,4_C,5_B,6_B,7_C,8_C,9_A,10_C,11_C,12_B,Basic
STD_0857,1_B,2_A,3_B,4_B,5_B,6_B,7_C,8_B,9_B,10_A,11_C,12_B,Proficient
STD_0858,1_C,2_A,3_A,4_A,5_A,6_A,7_A,8_C,9_B,10_A,11_B,12_B,Proficient
STD_0859,1_C,2_B,3_A,4_B,5_A,6_C,7_A,8_B,9_A,10_B,11_A,12_C,NSI
STD_0860,1_C,2_A,3_B,4_A,5_B,6_B,7_A,8_B,9_B,10_A,11_B,12_B,Advanced
STD_0861,1_C,2_C,3_C,4_A,5_B,6_B,7_C,8_B,9_B,10_A,11_B,12_B,Proficient
STD_0862,1_A,2_B,3_C,4_B,5_C,6_C,7_A,8_A,9_A,10_C,11_A,12_B,NSI
STD_0863,1_A,2_C,3_A,4_A,5_C,6_A,7_B,8_C,9_A,10_B,11_B,12_A,NSI
STD_0864,1_B,2_A,3_A,4_C,5_A,6_A,7_C,8_C,9_B,10_C,11_A,12_C,Basic
STD_0865,1_C,2_A,3_B,4_A,5_B,6_B,7_A,8_B,9_B,10_A,11_B,12_B,Advanced
STD_0866,1_A,2_C,3_B,4_B,5_A,6_B,7_C,8_A,9_B,10_C,11_A,12_C,Basic
STD_0867,1_B,2_C,3_A,4_B,5_B,6_C,7_A,8_B,9_C,10_A,11_B,12_C,Basic
STD_0868,1_C,2_A,3_B,4_A,5_A,6_B,7_B,8_B,9_B,10_A,11_B,12_B,Proficient
STD_0869,1_A,2_B,3_C,4_B,5_C,6_C,7_C,8_A,9_B,10_B,11_A,12_A,NSI
STD_0870,1_C,2_A,3_B,4_A,5_B,6_B,7_A,8_B,9_A,10_A,11_B,12_C,Advanced
STD_0871,1_A,2_A,3_B,4_B,5_A,6_A,7_A,8_A,9_A,10_C,11_A,12_A,NSI
STD_0872,1_B,2_C,3_A,4_B,5_B,6_A,7_B,8_A,9_C,10_C,11_C,12_A,NSI
STD_0873,1_A,2_A,3_B,4_B,5_A,6_A,7_C,8_C,9_B,10_B,11_A,12_B,NSI
STD_0874,1_B,2_B,3_A,4_A,5_A,6_B,7_A,8_B,9_B,10_A,11_C,12_A,Basic
STD_0875,1_C,2_A,3_B,4_A,5_C,6_B,7_C,8_B,9_B,10_A,11_B,12_B,Proficient
STD_0876,1_B,2_A,3_C,4_A,5_C,6_A,7_C,8_C,9_C,10_B,11_C,12_C,Basic
STD_0877,1_C,2_C,3_A,4_C,5_C,6_B,7_B,8_C,9_C,10_B,11_C,12_C,Basic
STD_0878,1_B,2_A,3_B,4_A,5_A,6_C,7_A,8_C,9_B,10_A,11_B,12_C,Basic
STD_0879,1_A,2_B,3_C,4_B,5_C,6_C,7_A,8_C,9_A,10_B,11_A,12_C,NSI
STD_0880,1_C,2_A,3_A,4_B,5_A,6_C,7_A,8_B,9_C,10_B,11_A,12_A,NSI
STD_0881,1_C,2_A,3_B,4_A,5_B,6_B,7_C,8_B,9_B,10_A,11_B,12_B,Advanced
STD_0882,1_A,2_B,3_A,4_B,5_C,6_B,7_A,8_A,9_A,10_B,11_A,12_C,NSI
STD_0883,1_A,2_B,3_A,4_B,5_C,6_C,7_C,8_A,9_A,10_B,11_A,12_C,NSI
STD_0884,1_C,2_A,3_B,4_A,5_A,6_B,7_C,8_C,9_B,10_B,11_B,12_A,Basic
STD_0885,1_A,2_C,3_C,4_B,5_A,6_C,7_B,8_A,9_A,10_C,11_A,12_C,NSI
STD_0886,1_C,2_A,3_B,4_B,5_C,6_B,7_B,8_B,9_B,10_A,11_B,12_C,Basic
STD_0887,1_B,2_B,3_A,4_C,5_C,6_C,7_B,8_C,9_C,10_B,11_C,12_C,Basic
STD_0888,1_C,2_C,3_A,4_C,5_C,6_B,7_C,8_B,9_B,10_B,11_C,12_B,Basic
STD_0889,1_C,2_A,3_B,4_C,5_B,6_B,7_C,8_B,9_B,10_A,11_C,12_B,Proficient
STD_0890,1_A,2_A,3_B,4_A,5_B,6_B,7_C,8_B,9_C,10_A,11_B,12_C,Proficient
STD_0891,1_A,2_B,3_A,4_B,5_A,6_A,7_B,8_B,9_A,10_C,11_A,12_A,NSI
STD_0892,1_C,2_C,3_A,4_B,5_B,6_B,7_C,8_B,9_C,10_B,11_A,12_C,Basic
STD_0893,1_B,2_C,3_B,4_C,5_B,6_A,7_B,8_B,9_A,10_A,11_C,12_A,Basic
STD_0894,1_A,2_C,3_C,4_C,5_C,6_C,7_C,8_A,9_A,10_B,11_C,12_C,NSI
STD_0895,1_C,2_A,3_B,4_A,5_B,6_A,7_B,8_C,9_B,10_C,11_A,12_C,Basic
STD_0896,1_A,2_B,3_C,4_B,5_C,6_B,7_B,8_A,9_A,10_B,11_A,12_B,NSI
STD_0897,1_B,2_B,3_C,4_B,5_C,6_B,7_C,8_B,9_A,10_B,11_A,12_C,Basic
STD_0898,1_C,2_A,3_B,4_A,5_B,6_B,7_C,8_B,9_B,10_A,11_C,12_B,Advanced
STD_0899,1_C,2_A,3_A,4_C,5_B,6_A,7_B,8_B,9_C,10_B,11_C,12_C,Basic
STD_0900,1_A,2_A,3_A,4_A,5_B,6_C,7_C,8_A,9_B,10_C,11_A,12_C,Basic
STD_0901,1_C,2_A,3_B,4_C,5_A,6_B,7_B,8_B,9_C,10_A,11_B,12_B,Proficient
STD_0902,1_A,2_B,3_C,4_B,5_A,6_A,7_A,8_A,9_A,10_A,11_A,12_B,NSI
STD_0903,1_C,2_A,3_B,4_A,5_C,6_B,7_A,8_A,9_B,10_C,11_C,12_B,Basic
STD_0904,1_A,2_C,3_C,4_B,5_A,6_A,7_B,8_C,9_A,10_C,11_A,12_A,NSI
STD_0905,1_A,2_B,3_C,4_B,5_C,6_C,7_C,8_A,9_A,10_C,11_C,12_B,NSI
STD_0906,1_C,2_C,3_A,4_C,5_B,6_C,7_B,8_B,9_B,10_B,11_C,12_C,Basic
STD_0907,1_B,2_B,3_A,4_C,5_C,6_A,7_A,8_B,9_A,10_B,11_A,12_A,NSI
STD_0908,1_C,2_A,3_B,4_A,5_B,6_B,7_A,8_B,9_B,10_A,11_B,12_B,Advanced
STD_0909,1_A,2_C,3_B,4_B,5_A,6_C,7_B,8_B,9_C,10_C,11_C,12_A,NSI
STD_0910,1_C,2_A,3_B,4_A,5_A,6_B,7_A,8_B,9_B,10_A,11_B,12_B,Advanced
STD_0911,1_B,2_C,3_B,4_C,5_A,6_B,7_A,8_A,9_A,10_A,11_C,12_B,Basic
STD_0912,1_C,2_A,3_B,4_A,5_B,6_B,7_B,8_B,9_B,10_A,11_C,12_B,Proficient
STD_0913,1_A,2_A,3_A,4_C,5_C,6_C,7_C,8_A,9_A,10_C,11_A,12_C,NSI
STD_0914,1_A,2_B,3_C,4_B,5_C,6_A,7_B,8_A,9_A,10_B,11_C,12_C,NSI
STD_0915,1_B,2_A,3_B,4_A,5_B,6_C,7_C,8_A,9_B,10_B,11_C,12_C,Basic
STD_0916,1_B,2_C,3_B,4_B,5_C,6_C,7_B,8_A,9_C,10_C,11_B,12_A,Basic
STD_0917,1_A,2_C,3_C,4_A,5_A,6_C,7_B,8_A,9_A,10_C,11_A,12_A,NSI
STD_0918,1_A,2_B,3_B,4_C,5_A,6_A,7_B,8_B,9_C,10_C,11_A,12_C,Basic
STD_0919,1_B,2_C,3_A,4_C,5_C,6_A,7_A,8_A,9_B,10_C,11_A,12_C,NSI
STD_0920,1_A,2_C,3_C,4_B,5_C,6_C,7_A,8_C,9_A,10_C,11_C,12_C,NSI
STD_0921,1_C,2_C,3_A,4_A,5_C,6_C,7_B,8_C,9_A,10_A,11_B,12_A,Basic
STD_0922,1_B,2_C,3_C,4_B,5_A,6_C,7_B,8_A,9_A,10_B,11_A,12_B,NSI
STD_0923,1_A,2_B,3_A,4_B,5_C,6_C,7_B,8_C,9_A,10_B,11_A,12_C,NSI
STD_0924,1_C,2_A,3_B,4_A,5_B,6_B,7_B,8_C,9_B,10_A,11_B,12_A,Proficient
STD_0925,1_B,2_B,3_A,4_B,5_A,6_B,7_B,8_A,9_A,10_B,11_A,12_B,NSI
STD_0926,1_A,2_B,3_C,4_B,5_A,6_C,7_B,8_B,9_A,10_B,11_A,12_B,NSI
STD_0927,1_C,2_A,3_C,4_A,5_B,6_B,7_C,8_B,9_B,10_A,11_C,12_B,Proficient
STD_0928,1_C,2_A,3_B,4_C,5_A,6_B,7_B,8_B,9_B,10_A,11_B,12_C,Proficient
STD_0929,1_C,2_C,3_A,4_B,5_A,6_A,7_B,8_B,9_A,10_B,11_A,12_C,NSI
STD_0930,1_C,2_A,3_C,4_A,5_A,6_B,7_C,8_C,9_A,10_A,11_C,12_C,Basic
STD_0931,1_B,2_B,3_C,4_B,5_C,6_A,7_B,8_A,9_A,10_B,11_A,12_C,NSI
STD_0932,1_C,2_A,3_B,4_A,5_B,6_B,7_A,8_B,9_B,10_A,11_B,12_B,Advanced
STD_0933,1_C,2_A,3_B,4_A,5_B,6_B,7_A,8_B,9_B,10_A,11_B,12_C,Advanced
STD_0934,1_C,2_B,3_C,4_B,5_A,6_A,7_B,8_A,9_C,10_B,11_C,12_C,Basic
STD_0935,1_A,2_C,3_A,4_B,5_A,6_C,7_B,8_A,9_A,10_C,11_A,12_B,NSI
STD_0936,1_B,2_A,3_A,4_C,5_A,6_B,7_B,8_C,9_A,10_B,11_B,12_A,Basic
STD_0937,1_A,2_C,3_A,4_A,5_C,6_A,7_C,8_B,9_A,10_C,11_A,12_A,NSI
STD_0938,1_A,2_B,3_A,4_B,5_A,6_C,7_A,8_C,9_A,10_C,11_A,12_C,NSI
STD_0939,1_B,2_A,3_B,4_C,5_A,6_A,7_C,8_B,9_C,10_A,11_C,12_B,Basic
STD_0940,1_B,2_A,3_B,4_A,5_B,6_B,7_A,8_B,9_B,10_A,11_B,12_B,Proficient
STD_0941,1_C,2_A,3_C,4_C,5_B,6_A,7_A,8_A,9_C,10_B,11_C,12_B,Basic
STD_0942,1_B,2_C,3_A,4_B,5_A,6_B,7_C,8_C,9_C,10_B,11_B,12_C,Basic
STD_0943,1_A,2_B,3_C,4_A,5_B,6_B,7_A,8_A,9_A,10_C,11_C,12_B,NSI
STD_0944,1_A,2_A,3_A,4_B,5_B,6_A,7_B,8_B,9_C,10_A,11_A,12_C,Basic
STD_0945,1_B,2_B,3_A,4_C,5_B,6_C,7_C,8_A,9_C,10_B,11_B,12_B,Basic
STD_0946,1_B,2_C,3_A,4_A,5_B,6_C,7_B,8_C,9_C,10_C,11_C,12_C,Basic
STD_0947,1_A,2_C,3_C,4_B,5_A,6_B,7_B,8_A,9_A,10_C,11_A,12_A,NSI
STD_0948,1_C,2_A,3_C,4_A,5_B,6_B,7_A,8_B,9_C,10_A,11_B,12_A,Proficient
STD_0949,1_B,2_C,3_C,4_B,5_B,6_C,7_B,8_A,9_A,10_B,11_C,12_A,NSI
STD_0950,1_B,2_B,3_B,4_B,5_C,6_A,7_B,8_A,9_A,10_B,11_A,12_C,NSI
STD_0951,1_C,2_A,3_A,4_B,5_B,6_C,7_C,8_A,9_A,10_C,11_A,12_B,NSI
STD_0952,1_C,2_A,3_B,4_A,5_A,6_B,7_A,8_B,9_B,10_A,11_C,12_C,Proficient
STD_0953,1_A,2_B,3_C,4_B,5_A,6_A,7_C,8_B,9_A,10_B,11_C,12_A,NSI
STD_0954,1_C,2_A,3_B,4_A,5_C,6_B,7_A,8_B,9_B,10_A,11_B,12_B,Proficient
STD_0955,1_A,2_B,3_A,4_C,5_C,6_C,7_B,8_C,9_A,10_B,11_A,12_A,NSI
STD_0956,1_C,2_C,3_C,4_A,5_A,6_B,7_A,8_C,9_B,10_B,11_B,12_C,Basic
STD_0957,1_A,2_B,3_A,4_A,5_C,6_C,7_A,8_A,9_A,10_A,11_B,12_A,NSI
STD_0958,1_B,2_B,3_C,4_C,5_B,6_A,7_A,8_C,9_B,10_B,11_A,12_B,Basic
STD_0959,1_A,2_B,3_B,4_A,5_C,6_A,7_C,8_C,9_C,10_C,11_C,12_C,Basic
STD_0960,1_B,2_A,3_B,4_A,5_C,6_B,7_A,8_B,9_B,10_A,11_B,12_B,Proficient
STD_0961,1_A,2_A,3_B,4_C,5_C,6_B,7_C,8_A,9_A,10_C,11_C,12_A,Basic
STD_0962,1_C,2_C,3_C,4_A,5_C,6_B,7_C,8_B,9_A,10_B,11_A,12_A,Basic
STD_0963,1_B,2_A,3_B,4_A,5_B,6_B,7_A,8_B,9_C,10_A,11_B,12_B,Proficient
STD_0964,1_B,2_B,3_A,4_A,5_C,6_B,7_B,8_C,9_C,10_C,11_C,12_C,Basic
STD_0965,1_C,2_A,3_A,4_A,5_B,6_C,7_C,8_C,9_B,10_A,11_A,12_A,Basic
STD_0966,1_C,2_A,3_B,4_A,5_A,6_B,7_A,8_B,9_C,10_A,11_B,12_B,Advanced
STD_0967,1_B,2_C,3_C,4_B,5_B,6_C,7_B,8_A,9_A,10_C,11_B,12_B,NSI
STD_0968,1_B,2_A,3_C,4_B,5_A,6_B,7_C,8_C,9_B,10_A,11_A,12_A,Basic
STD_0969,1_B,2_A,3_A,4_A,5_C,6_B,7_C,8_B,9_B,10_B,11_C,12_B,Basic
STD_0970,1_C,2_C,3_B,4_A,5_B,6_B,7_A,8_C,9_B,10_A,11_B,12_B,Proficient
STD_0971,1_C,2_C,3_C,4_B,5_B,6_A,7_C,8_B,9_A,10_C,11_A,12_C,NSI
STD_0972,1_C,2_A,3_B,4_A,5_B,6_B,7_A,8_C,9_B,10_A,11_B,12_C,Proficient
STD_0973,1_C,2_A,3_B,4_A,5_B,6_B,7_A,8_B,9_B,10_A,11_B,12_B,Advanced
STD_0974,1_C,2_A,3_B,4_A,5_B,6_B,7_A,8_C,9_B,10_A,11_B,12_B,Proficient
STD_0975,1_B,2_B,3_B,4_C,5_A,6_A,7_B,8_A,9_A,10_A,11_C,12_A,Basic
STD_0976,1_A,2_C,3_C,4_B,5_A,6_C,7_B,8_A,9_A,10_C,11_C,12_A,NSI
STD_0977,1_C,2_A,3_B,4_A,5_B,6_B,7_C,8_B,9_B,10_A,11_B,12_B,Proficient
STD_0978,1_C,2_B,3_A,4_B,5_C,6_C,7_A,8_A,9_A,10_B,11_B,12_C,NSI
STD_0979,1_B,2_C,3_B,4_C,5_A,6_A,7_C,8_C,9_C,10_A,11_C,12_C,Basic
STD_0980,1_A,2_A,3_A,4_B,5_A,6_A,7_B,8_C,9_C,10_B,11_A,12_B,NSI
STD_0981,1_A,2_B,3_C,4_B,5_A,6_C,7_B,8_A,9_A,10_B,11_A,12_C,NSI
STD_0982,1_C,2_A,3_B,4_B,5_B,6_C,7_C,8_C,9_C,10_A,11_B,12_B,Basic
STD_0983,1_B,2_C,3_A,4_B,5_C,6_B,7_C,8_C,9_C,10_C,11_C,12_A,Basic
STD_0984,1_C,2_A,3_B,4_A,5_B,6_B,7_C,8_B,9_B,10_A,11_B,12_A,Proficient
STD_0985,1_B,2_C,3_B,4_C,5_C,6_B,7_B,8_A,9_B,10_A,11_B,12_C,Basic
STD_0986,1_A,2_C,3_A,4_C,5_A,6_A,7_C,8_C,9_A,10_C,11_B,12_A,NSI
STD_0987,1_A,2_B,3_B,4_C,5_A,6_B,7_C,8_A,9_C,10_A,11_C,12_A,Basic
STD_0988,1_B,2_A,3_B,4_A,5_A,6_C,7_B,8_C,9_A,10_B,11_C,12_B,NSI
STD_0989,1_C,2_B,3_B,4_C,5_C,6_C,7_A,8_C,9_A,10_C,11_B,12_C,Basic
STD_0990,1_C,2_A,3_B,4_A,5_B,6_B,7_A,8_B,9_B,10_A,11_B,12_B,Proficient
STD_0991,1_A,2_A,3_A,4_B,5_A,6_B,7_B,8_C,9_C,10_A,11_B,12_B,Basic
STD_0992,1_C,2_C,3_A,4_B,5_A,6_A,7_C,8_C,9_A,10_A,11_C,12_C,Basic
STD_0993,1_C,2_A,3_B,4_A,5_B,6_B,7_A,8_B,9_B,10_A,11_B,12_B,Advanced
STD_0994,1_C,2_A,3_B,4_C,5_C,6_B,7_C,8_C,9_A,10_C,11_C,12_A,Basic
STD_0995,1_C,2_A,3_B,4_C,5_C,6_B,7_C,8_C,9_B,10_A,11_B,12_A,Basic
STD_0996,1_A,2_C,3_A,4_B,5_A,6_C,7_C,8_A,9_A,10_C,11_A,12_A,NSI
STD_0997,1_C,2_A,3_B,4_C,5_C,6_B,7_C,8_C,9_B,10_A,11_B,12_A,Proficient
STD_0998,1_A,2_B,3_A,4_B,5_C,6_C,7_C,8_C,9_A,10_C,11_A,12_C,NSI
STD_0999,1_A,2_C,3_A,4_B,5_A,6_C,7_C,8_C,9_A,10_C,11_A,12_A,NSI
STD_1000,1_B,2_C,3_B,4_B,5_A,6_C,7_B,8_C,9_C,10_C,11_C,12_A,Basic
STD_1001,1_C,2_B,3_B,4_A,5_B,6_B,7_A,8_C,9_B,10_A,11_B,12_B,Proficient
STD_1002,1_B,2_A,3_A,4_A,5_A,6_C,7_C,8_A,9_C,10_B,11_A,12_A,Basic
STD_1003,1_A,2_C,3_A,4_A,5_C,6_B,7_C,8_A,9_C,10_A,11_C,12_A,Basic
STD_1004,1_C,2_A,3_B,4_C,5_B,6_B,7_A,8_B,9_C,10_C,11_B,12_B,Proficient
STD_1005,1_A,2_C,3_A,4_B,5_A,6_A,7_C,8_A,9_A,10_A,11_C,12_A,NSI
STD_1006,1_A,2_C,3_A,4_C,5_C,6_C,7_C,8_B,9_C,10_B,11_A,12_A,NSI
STD_1007,1_A,2_A,3_A,4_A,5_B,6_C,7_B,8_C,9_C,10_C,11_A,12_A,NSI
STD_1008,1_B,2_A,3_A,4_C,5_B,6_B,7_C,8_C,9_C,10_A,11_A,12_A,Basic
STD_1009,1_C,2_C,3_B,4_B,5_B,6_B,7_A,8_C,9_B,10_A,11_C,12_B,Basic
STD_1010,1_C,2_A,3_B,4_A,5_B,6_B,7_A,8_B,9_B,10_A,11_B,12_B,Advanced
STD_1011,1_C,2_B,3_B,4_C,5_C,6_B,7_B,8_B,9_C,10_A,11_B,12_C,Basic
STD_1012,1_B,2_A,3_C,4_A,5_C,6_C,7_C,8_B,9_B,10_A,11_B,12_C,Basic
STD_1013,1_A,2_C,3_C,4_B,5_A,6_A,7_C,8_C,9_A,10_C,11_A,12_B,NSI
STD_1014,1_C,2_C,3_C,4_C,5_A,6_B,7_A,8_B,9_C,10_B,11_C,12_B,Basic
STD_1015,1_A,2_C,3_A,4_B,5_C,6_A,7_A,8_A,9_A,10_B,11_B,12_B,NSI
STD_1016,1_A,2_A,3_A,4_B,5_B,6_A,7_B,8_A,9_C,10_B,11_A,12_C,NSI
STD_1017,1_A,2_B,3_C,4_B,5_B,6_C,7_A,8_C,9_A,10_A,11_B,12_A,NSI
STD_1018,1_B,2_C,3_A,4_C,5_A,6_C,7_C,8_C,9_C,10_A,11_A,12_C,Basic
STD_1019,1_B,2_A,3_B,4_A,5_B,6_B,7_A,8_B,9_B,10_A,11_B,12_B,Proficient
STD_1020,1_B,2_A,3_B,4_C,5_B,6_B,7_B,8_B,9_A,10_A,11_B,12_B,Proficient
STD_1021,1_A,2_C,3_C,4_B,5_C,6_C,7_B,8_A,9_A,10_B,11_A,12_A,NSI
STD_1022,1_C,2_A,3_B,4_A,5_A,6_B,7_A,8_B,9_B,10_C,11_B,12_B,Advanced
STD_1023,1_C,2_A,3_C,4_A,5_B,6_B,7_C,8_B,9_B,10_A,11_B,12_C,Proficient
STD_1024,1_C,2_A,3_B,4_A,5_B,6_B,7_A,8_B,9_B,10_A,11_B,12_B,Advanced
STD_1025,1_A,2_A,3_C,4_A,5_B,6_C,7_B,8_A,9_A,10_A,11_A,12_A,NSI
STD_1026,1_B,2_A,3_B,4_B,5_C,6_C,7_A,8_C,9_C,10_A,11_A,12_B,Basic
STD_1027,1_B,2_A,3_B,4_B,5_B,6_B,7_B,8_C,9_B,10_A,11_B,12_B,Proficient
STD_1028,1_A,2_C,3_A,4_A,5_A,6_A,7_C,8_A,9_A,10_A,11_A,12_A,NSI
STD_1029,1_A,2_A,3_B,4_A,5_B,6_B,7_A,8_B,9_C,10_A,11_B,12_B,Proficient
STD_1030,1_B,2_B,3_C,4_B,5_C,6_A,7_B,8_A,9_A,10_B,11_A,12_B,NSI
STD_1031,1_C,2_A,3_B,4_A,5_A,6_C,7_C,8_A,9_C,10_B,11_A,12_B,Basic
STD_1032,1_B,2_C,3_A,4_C,5_C,6_A,7_A,8_A,9_A,10_B,11_C,12_C,NSI
STD_1033,1_B,2_C,3_B,4_A,5_C,6_C,7_C,8_B,9_A,10_A,11_A,12_B,Basic
STD_1034,1_B,2_B,3_A,4_A,5_B,6_B,7_C,8_B,9_B,10_A,11_B,12_B,Proficient
STD_1035,1_B,2_C,3_C,4_B,5_B,6_A,7_A,8_B,9_C,10_A,11_C,12_B,Basic
STD_1036,1_C,2_C,3_C,4_C,5_C,6_A,7_B,8_B,9_C,10_C,11_C,12_B,Basic
STD_1037,1_B,2_A,3_B,4_C,5_A,6_C,7_A,8_B,9_B,10_B,11_B,12_B,Basic
STD_1038,1_B,2_C,3_B,4_A,5_A,6_A,7_C,8_B,9_A,10_A,11_C,12_A,Basic
STD_1039,1_C,2_C,3_A,4_B,5_C,6_C,7_B,8_C,9_A,10_B,11_A,12_C,NSI
STD_1040,1_A,2_C,3_C,4_B,5_B,6_C,7_B,8_C,9_A,10_C,11_A,12_A,NSI
STD_1041,1_A,2_C,3_C,4_C,5_B,6_A,7_A,8_A,9_A,10_B,11_A,12_C,NSI
STD_1042,1_C,2_A,3_B,4_C,5_B,6_B,7_A,8_B,9_B,10_C,11_B,12_B,Advanced
STD_1043,1_A,2_A,3_B,4_A,5_A,6_B,7_A,8_C,9_B,10_A,11_B,12_B,Proficient
STD_1044,1_C,2_A,3_B,4_A,5_B,6_B,7_C,8_A,9_B,10_A,11_B,12_B,Proficient
STD_1045,1_A,2_B,3_A,4_B,5_C,6_C,7_A,8_A,9_B,10_C,11_A,12_A,NSI
STD_1046,1_A,2_A,3_B,4_B,5_A,6_B,7_C,8_C,9_C,10_A,11_B,12_B,Basic
STD_1047,1_A,2_B,3_C,4_C,5_A,6_A,7_A,8_A,9_C,10_B,11_B,12_A,NSI
STD_1048,1_A,2_B,3_A,4_B,5_A,6_A,7_C,8_A,9_A,10_B,11_C,12_A,NSI
STD_1049,1_C,2_B,3_A,4_C,5_B,6_B,7_B,8_C,9_B,10_A,11_C,12_A,Basic
STD_1050,1_A,2_C,3_A,4_A,5_A,6_B,7_C,8_B,9_A,10_A,11_B,12_A,Basic
STD_1051,1_A,2_B,3_C,4_B,5_C,6_A,7_B,8_A,9_A,10_B,11_A,12_C,NSI
STD_1052,1_C,2_A,3_B,4_A,5_B,6_B,7_A,8_B,9_B,10_A,11_B,12_B,Advanced
STD_1053,1_B,2_C,3_C,4_A,5_A,6_C,7_B,8_C,9_A,10_C,11_A,12_C,NSI
STD_1054,1_C,2_A,3_B,4_A,5_B,6_B,7_C,8_B,9_B,10_A,11_B,12_B,Proficient
STD_1055,1_A,2_A,3_B,4_A,5_B,6_B,7_C,8_B,9_B,10_A,11_A,12_B,Proficient
STD_1056,1_A,2_C,3_C,4_B,5_A,6_A,7_C,8_B,9_C,10_C,11_A,12_A,NSI
STD_1057,1_C,2_C,3_C,4_A,5_A,6_C,7_C,8_B,9_A,10_A,11_C,12_C,Basic
STD_1058,1_B,2_C,3_B,4_B,5_C,6_C,7_B,8_B,9_B,10_A,11_B,12_C,Basic
STD_1059,1_A,2_B,3_C,4_B,5_B,6_A,7_B,8_C,9_B,10_B,11_A,12_C,NSI
STD_1060,1_C,2_A,3_B,4_A,5_B,6_B,7_B,8_B,9_B,10_A,11_B,12_C,Proficient
STD_1061,1_B,2_C,3_A,4_B,5_A,6_C,7_C,8_A,9_A,10_C,11_A,12_A,NSI
STD_1062,1_C,2_A,3_B,4_A,5_A,6_B,7_A,8_C,9_C,10_B,11_C,12_B,Basic
STD_1063,1_B,2_C,3_B,4_B,5_A,6_A,7_B,8_A,9_A,10_C,11_A,12_C,NSI
STD_1064,1_C,2_A,3_B,4_B,5_B,6_C,7_A,8_B,9_A,10_B,11_B,12_C,Basic
STD_1065,1_C,2_B,3_B,4_C,5_B,6_C,7_C,8_A,9_A,10_C,11_A,12_B,NSI
STD_1066,1_A,2_C,3_B,4_C,5_A,6_B,7_C,8_B,9_C,10_C,11_C,12_C,Basic
STD_1067,1_C,2_A,3_B,4_C,5_A,6_A,7_B,8_A,9_C,10_C,11_B,12_A,Basic
STD_1068,1_B,2_A,3_C,4_C,5_B,6_C,7_C,8_C,9_C,10_B,11_C,12_C,Basic
STD_1069,1_B,2_B,3_B,4_C,5_C,6_C,7_B,8_C,9_A,10_B,11_C,12_C,Basic
STD_1070,1_B,2_B,3_C,4_C,5_C,6_C,7_B,8_C,9_A,10_C,11_C,12_C,NSI
STD_1071,1_B,2_A,3_B,4_A,5_B,6_B,7_A,8_B,9_B,10_A,11_B,12_B,Proficient
STD_1072,1_A,2_A,3_A,4_C,5_A,6_C,7_C,8_A,9_A,10_B,11_A,12_C,NSI
STD_1073,1_C,2_A,3_B,4_C,5_C,6_B,7_C,8_C,9_C,10_A,11_A,12_B,Basic
STD_1074,1_C,2_A,3_B,4_C,5_B,6_B,7_A,8_C,9_B,10_A,11_B,12_C,Proficient
STD_1075,1_A,2_B,3_A,4_A,5_C,6_C,7_C,8_A,9_A,10_B,11_B,12_B,NSI
STD_1076,1_C,2_C,3_B,4_C,5_C,6_B,7_B,8_C,9_B,10_B,11_A,12_C,Basic
STD_1077,1_C,2_A,3_C,4_A,5_C,6_A,7_C,8_C,9_C,10_C,11_C,12_A,Basic
STD_1078,1_A,2_B,3_B,4_A,5_A,6_B,7_A,8_A,9_C,10_C,11_C,12_C,Basic
STD_1079,1_C,2_C,3_B,4_B,5_C,6_C,7_C,8_C,9_B,10_B,11_C,12_C,Basic
STD_1080,1_A,2_A,3_C,4_B,5_B,6_A,7_B,8_B,9_B,10_A,11_A,12_C,Basic
STD_1081,1_B,2_A,3_A,4_B,5_B,6_C,7_B,8_A,9_A,10_A,11_C,12_B,Basic
STD_1082,1_B,2_C,3_C,4_B,5_C,6_C,7_C,8_A,9_A,10_C,11_A,12_A,NSI
STD_1083,1_A,2_C,3_A,4_B,5_B,6_B,7_C,8_B,9_C,10_C,11_A,12_C,NSI
STD_1084,1_C,2_A,3_A,4_C,5_C,6_B,7_C,8_A,9_C,10_A,11_A,12_B,Basic
STD_1085,1_B,2_B,3_A,4_A,5_B,6_B,7_B,8_C,9_C,10_A,11_C,12_A,Basic
STD_1086,1_B,2_C,3_A,4_B,5_C,6_B,7_B,8_C,9_C,10_B,11_C,12_C,Basic
STD_1087,1_C,2_A,3_B,4_A,5_C,6_B,7_A,8_B,9_B,10_A,11_B,12_B,Proficient
STD_1088,1_A,2_C,3_C,4_A,5_C,6_A,7_C,8_C,9_C,10_A,11_C,12_B,Basic
STD_1089,1_B,2_A,3_B,4_C,5_A,6_C,7_B,8_B,9_A,10_A,11_C,12_A,Basic
STD_1090,1_C,2_A,3_B,4_B,5_A,6_B,7_C,8_C,9_A,10_A,11_C,12_B,Basic
STD_1091,1_B,2_A,3_B,4_A,5_A,6_A,7_C,8_A,9_B,10_A,11_A,12_A,Basic
STD_1092,1_B,2_A,3_B,4_C,5_B,6_B,7_B,8_C,9_C,10_C,11_A,12_C,Basic
STD_1093,1_C,2_A,3_A,4_C,5_C,6_A,7_A,8_C,9_C,10_A,11_A,12_A,Basic
STD_1094,1_C,2_C,3_B,4_A,5_A,6_B,7_A,8_C,9_C,10_B,11_C,12_C,Basic
STD_1095,1_A,2_B,3_C,4_B,5_A,6_C,7_C,8_A,9_A,10_C,11_A,12_B,NSI
STD_1096,1_A,2_B,3_B,4_B,5_C,6_A,7_C,8_A,9_A,10_C,11_A,12_B,NSI
STD_1097,1_A,2_B,3_C,4_C,5_C,6_B,7_B,8_A,9_C,10_C,11_B,12_A,NSI
STD_1098,1_A,2_C,3_A,4_B,5_C,6_C,7_B,8_A,9_A,10_B,11_B,12_C,NSI
STD_1099,1_B,2_A,3_A,4_C,5_C,6_B,7_B,8_A,9_B,10_A,11_C,12_B,Basic
STD_1100,1_A,2_B,3_A,4_B,5_B,6_A,7_C,8_C,9_A,10_B,11_C,12_A,NSI
STD_1101,1_B,2_A,3_A,4_C,5_B,6_C,7_C,8_A,9_B,10_B,11_C,12_A,Basic
STD_1102,1_B,2_A,3_B,4_B,5_A,6_B,7_C,8_A,9_C,10_A,11_A,12_C,Basic
STD_1103,1_C,2_B,3_B,4_B,5_B,6_B,7_A,8_B,9_B,10_A,11_B,12_B,Proficient
STD_1104,1_C,2_C,3_A,4_A,5_B,6_B,7_C,8_B,9_B,10_A,11_B,12_B,Proficient
STD_1105,1_C,2_A,3_B,4_A,5_A,6_B,7_A,8_B,9_B,10_A,11_A,12_C,Proficient
STD_1106,1_C,2_A,3_B,4_A,5_B,6_B,7_A,8_B,9_B,10_A,11_B,12_B,Advanced
STD_1107,1_A,2_C,3_B,4_A,5_B,6_A,7_C,8_B,9_C,10_A,11_A,12_A,Basic
STD_1108,1_C,2_A,3_C,4_A,5_A,6_B,7_C,8_C,9_C,10_B,11_B,12_A,Basic
STD_1109,1_A,2_C,3_A,4_A,5_A,6_A,7_C,8_B,9_A,10_C,11_A,12_C,NSI
STD_1110,1_A,2_C,3_A,4_B,5_C,6_A,7_C,8_B,9_A,10_C,11_A,12_A,NSI
STD_1111,1_C,2_A,3_B,4_A,5_B,6_B,7_C,8_B,9_C,10_A,11_B,12_B,Proficient
STD_1112,1_A,2_B,3_A,4_B,5_A,6_A,7_A,8_B,9_A,10_C,11_C,12_C,NSI
STD_1113,1_A,2_B,3_A,4_A,5_C,6_A,7_C,8_A,9_A,10_C,11_A,12_C,NSI
STD_1114,1_B,2_A,3_B,4_C,5_A,6_A,7_A,8_C,9_C,10_A,11_A,12_A,Basic
STD_1115,1_A,2_C,3_C,4_C,5_A,6_C,7_A,8_C,9_A,10_C,11_A,12_A,NSI
STD_1116,1_B,2_B,3_B,4_C,5_A,6_C,7_B,8_C,9_B,10_A,11_B,12_B,Basic
STD_1117,1_C,2_B,3_B,4_A,5_C,6_B,7_A,8_C,9_C,10_A,11_B,12_B,Proficient
STD_1118,1_A,2_C,3_B,4_A,5_B,6_B,7_B,8_A,9_B,10_C,11_B,12_B,Basic
STD_1119,1_A,2_B,3_A,4_B,5_C,6_C,7_C,8_C,9_A,10_C,11_A,12_A,NSI
STD_1120,1_A,2_A,3_C,4_A,5_A,6_A,7_C,8_A,9_A,10_C,11_C,12_B,NSI
STD_1121,1_C,2_A,3_B,4_B,5_C,6_A,7_B,8_B,9_C,10_B,11_A,12_C,Basic
STD_1122,1_C,2_C,3_A,4_B,5_B,6_C,7_C,8_A,9_A,10_C,11_C,12_C,NSI
STD_1123,1_C,2_A,3_B,4_A,5_B,6_B,7_A,8_B,9_B,10_A,11_C,12_B,Advanced
STD_1124,1_A,2_B,3_A,4_C,5_B,6_A,7_A,8_C,9_C,10_B,11_A,12_C,NSI
STD_1125,1_B,2_B,3_A,4_C,5_C,6_A,7_A,8_C,9_B,10_A,11_C,12_A,Basic
STD_1126,1_A,2_C,3_C,4_C,5_C,6_C,7_B,8_B,9_A,10_C,11_A,12_A,NSI
STD_1127,1_C,2_A,3_B,4_C,5_B,6_B,7_A,8_C,9_B,10_A,11_B,12_B,Proficient
STD_1128,1_B,2_B,3_A,4_B,5_A,6_C,7_B,8_A,9_A,10_C,11_C,12_C,NSI
STD_1129,1_B,2_A,3_C,4_A,5_B,6_B,7_A,8_B,9_B,10_A,11_B,12_B,Advanced
STD_1130,1_B,2_C,3_A,4_A,5_A,6_C,7_C,8_C,9_A,10_C,11_A,12_C,NSI
STD_1131,1_A,2_C,3_A,4_B,5_A,6_C,7_A,8_A,9_A,10_C,11_C,12_A,NSI
STD_1132,1_B,2_C,3_B,4_C,5_A,6_C,7_C,8_A,9_B,10_A,11_C,12_C,Basic
STD_1133,1_A,2_C,3_C,4_B,5_C,6_C,7_A,8_A,9_A,10_C,11_B,12_C,NSI
STD_1134,1_B,2_B,3_A,4_B,5_A,6_C,7_C,8_A,9_A,10_A,11_A,12_A,NSI
STD_1135,1_C,2_A,3_B,4_A,5_B,6_B,7_A,8_B,9_B,10_A,11_B,12_B,Advanced
STD_1136,1_A,2_C,3_A,4_B,5_C,6_C,7_A,8_A,9_A,10_B,11_A,12_C,NSI
STD_1137,1_A,2_C,3_A,4_C,5_C,6_C,7_A,8_C,9_A,10_C,11_C,12_B,NSI
STD_1138,1_B,2_C,3_C,4_C,5_B,6_B,7_B,8_C,9_C,10_C,11_C,12_C,Basic
STD_1139,1_C,2_A,3_B,4_A,5_B,6_B,7_A,8_B,9_B,10_A,11_B,12_B,Advanced
STD_1140,1_A,2_B,3_C,4_A,5_C,6_B,7_C,8_B,9_C,10_B,11_A,12_B,Basic
STD_1141,1_C,2_A,3_B,4_C,5_B,6_C,7_A,8_B,9_A,10_A,11_B,12_B,Proficient
STD_1142,1_C,2_B,3_B,4_A,5_A,6_B,7_A,8_B,9_C,10_B,11_B,12_B,Proficient
STD_1143,1_A,2_C,3_A,4_C,5_C,6_C,7_B,8_A,9_A,10_B,11_A,12_A,NSI
STD_1144,1_A,2_B,3_B,4_B,5_A,6_A,7_B,8_C,9_A,10_C,11_A,12_A,NSI
STD_1145,1_C,2_A,3_B,4_A,5_B,6_B,7_A,8_B,9_B,10_A,11_B,12_B,Advanced
STD_1146,1_C,2_B,3_C,4_C,5_A,6_B,7_B,8_C,9_C,10_C,11_C,12_A,Basic
STD_1147,1_B,2_A,3_B,4_A,5_B,6_B,7_B,8_B,9_B,10_A,11_C,12_B,Proficient
STD_1148,1_C,2_A,3_B,4_A,5_C,6_B,7_C,8_C,9_B,10_A,11_C,12_A,Proficient
STD_1149,1_C,2_B,3_A,4_A,5_C,6_C,7_C,8_A,9_A,10_C,11_B,12_C,NSI
STD_1150,1_C,2_B,3_A,4_B,5_C,6_A,7_C,8_A,9_A,10_B,11_A,12_C,NSI
STD_1151,1_B,2_A,3_B,4_A,5_B,6_C,7_C,8_B,9_C,10_A,11_B,12_A,Basic
STD_1152,1_B,2_C,3_C,4_B,5_A,6_B,7_C,8_C,9_C,10_B,11_C,12_C,Basic
STD_1153,1_A,2_A,3_B,4_B,5_A,6_C,7_B,8_C,9_C,10_B,11_B,12_A,Basic
STD_1154,1_B,2_B,3_B,4_C,5_B,6_B,7_C,8_A,9_C,10_B,11_C,12_A,Basic
STD_1155,1_C,2_B,3_B,4_B,5_B,6_B,7_A,8_C,9_C,10_A,11_A,12_A,Basic
STD_1156,1_A,2_C,3_C,4_C,5_C,6_C,7_C,8_B,9_A,10_C,11_C,12_C,NSI
STD_1157,1_B,2_A,3_C,4_C,5_A,6_C,7_A,8_A,9_B,10_C,11_C,12_C,Basic
STD_1158,1_B,2_C,3_C,4_A,5_A,6_B,7_C,8_A,9_B,10_A,11_C,12_C,Basic
STD_1159,1_C,2_B,3_B,4_A,5_B,6_B,7_A,8_B,9_B,10_A,11_A,12_A,Proficient
STD_1160,1_A,2_C,3_A,4_B,5_C,6_A,7_C,8_A,9_B,10_B,11_A,12_A,NSI
STD_1161,1_B,2_B,3_B,4_B,5_A,6_B,7_B,8_A,9_C,10_A,11_C,12_B,Basic
STD_1162,1_A,2_A,3_B,4_A,5_A,6_B,7_C,8_C,9_C,10_A,11_B,12_B,Proficient
STD_1163,1_C,2_A,3_B,4_A,5_B,6_B,7_A,8_B,9_B,10_A,11_B,12_B,Advanced
STD_1164,1_A,2_B,3_A,4_B,5_A,6_C,7_B,8_A,9_A,10_C,11_B,12_A,NSI
STD_1165,1_A,2_C,3_C,4_B,5_C,6_A,7_C,8_A,9_C,10_B,11_A,12_B,NSI
STD_1166,1_C,2_A,3_B,4_A,5_A,6_C,7_C,8_B,9_B,10_A,11_B,12_B,Proficient
STD_1167,1_B,2_A,3_C,4_B,5_A,6_A,7_C,8_B,9_A,10_A,11_C,12_C,Basic
STD_1168,1_B,2_B,3_B,4_C,5_A,6_A,7_B,8_C,9_A,10_C,11_C,12_B,Basic
STD_1169,1_C,2_A,3_B,4_A,5_B,6_B,7_A,8_B,9_B,10_A,11_B,12_A,Advanced
STD_1170,1_A,2_C,3_A,4_B,5_C,6_A,7_C,8_B,9_A,10_C,11_A,12_A,NSI
STD_1171,1_A,2_B,3_C,4_A,5_C,6_A,7_A,8_A,9_C,10_B,11_B,12_C,NSI
STD_1172,1_A,2_A,3_C,4_B,5_C,6_A,7_A,8_C,9_C,10_C,11_A,12_C,NSI
STD_1173,1_A,2_C,3_C,4_B,5_C,6_C,7_B,8_A,9_A,10_A,11_B,12_A,NSI
STD_1174,1_C,2_C,3_B,4_A,5_C,6_C,7_A,8_A,9_B,10_A,11_C,12_C,Proficient
STD_1175,1_C,2_A,3_B,4_A,5_B,6_B,7_A,8_B,9_B,10_A,11_B,12_B,Advanced
STD_1176,1_C,2_B,3_B,4_C,5_A,6_C,7_B,8_B,9_A,10_C,11_C,12_A,Basic
STD_1177,1_B,2_A,3_A,4_C,5_B,6_C,7_B,8_C,9_B,10_B,11_C,12_A,Basic
STD_1178,1_C,2_A,3_B,4_C,5_B,6_B,7_A,8_B,9_B,10_A,11_B,12_B,Advanced
STD_1179,1_C,2_A,3_A,4_A,5_B,6_B,7_B,8_B,9_B,10_A,11_B,12_B,Proficient
STD_1180,1_B,2_A,3_C,4_B,5_C,6_C,7_B,8_B,9_A,10_C,11_A,12_A,NSI
STD_1181,1_A,2_C,3_C,4_B,5_B,6_A,7_B,8_A,9_C,10_B,11_A,12_A,NSI
STD_1182,1_B,2_C,3_B,4_A,5_C,6_A,7_C,8_B,9_C,10_A,11_C,12_A,Basic
STD_1183,1_B,2_B,3_A,4_A,5_C,6_A,7_C,8_B,9_B,10_A,11_C,12_A,Basic
STD_1184,1_B,2_A,3_B,4_A,5_B,6_B,7_A,8_C,9_C,10_A,11_B,12_B,Proficient
STD_1185,1_A,2_C,3_A,4_B,5_A,6_A,7_B,8_A,9_A,10_C,11_A,12_C,NSI
STD_1186,1_A,2_C,3_C,4_A,5_A,6_A,7_B,8_C,9_A,10_C,11_A,12_C,Basic
STD_1187,1_C,2_A,3_B,4_A,5_A,6_B,7_A,8_C,9_B,10_A,11_B,12_B,Advanced
STD_1188,1_C,2_A,3_B,4_B,5_B,6_C,7_B,8_B,9_B,10_C,11_C,12_A,Basic
STD_1189,1_B,2_C,3_A,4_C,5_C,6_B,7_A,8_A,9_C,10_C,11_C,12_A,Basic
STD_1190,1_C,2_A,3_B,4_C,5_B,6_A,7_B,8_A,9_B,10_C,11_B,12_A,Basic
STD_1191,1_A,2_B,3_C,4_B,5_A,6_C,7_B,8_C,9_A,10_B,11_A,12_C,NSI
STD_1192,1_A,2_C,3_A,4_C,5_C,6_A,7_B,8_A,9_C,10_B,11_A,12_B,NSI
STD_1193,1_B,2_A,3_C,4_B,5_C,6_A,7_C,8_A,9_A,10_A,11_A,12_A,NSI
STD_1194,1_B,2_A,3_B,4_C,5_C,6_B,7_A,8_C,9_C,10_B,11_C,12_B,Basic
STD_1195,1_C,2_A,3_B,4_A,5_B,6_B,7_A,8_B,9_B,10_A,11_B,12_B,Proficient
STD_1196,1_C,2_A,3_B,4_A,5_B,6_C,7_A,8_B,9_B,10_A,11_C,12_C,Proficient
STD_1197,1_A,2_C,3_A,4_C,5_B,6_B,7_C,8_B,9_A,10_C,11_A,12_A,NSI
STD_1198,1_A,2_C,3_B,4_A,5_A,6_C,7_C,8_C,9_C,10_B,11_A,12_A,NSI
STD_1199,1_A,2_B,3_A,4_B,5_C,6_A,7_C,8_C,9_C,10_C,11_B,12_B,Basic
STD_1200,1_C,2_C,3_A,4_C,5_A,6_A,7_C,8_C,9_C,10_A,11_C,12_B,Basic
STD_1201,1_B,2_B,3_B,4_C,5_A,6_A,7_C,8_C,9_C,10_A,11_A,12_B,Basic
STD_1202,1_C,2_A,3_C,4_B,5_B,6_B,7_A,8_B,9_B,10_A,11_C,12_B,Proficient
STD_1203,1_A,2_C,3_A,4_B,5_C,6_A,7_B,8_C,9_C,10_B,11_B,12_A,NSI
STD_1204,1_A,2_C,3_A,4_C,5_B,6_C,7_A,8_B,9_C,10_B,11_A,12_C,Basic
STD_1205,1_C,2_C,3_A,4_C,5_C,6_C,7_B,8_C,9_B,10_C,11_B,12_B,Basic
STD_1206,1_B,2_C,3_C,4_B,5_A,6_C,7_B,8_A,9_C,10_B,11_A,12_A,NSI
STD_1207,1_B,2_A,3_B,4_A,5_B,6_B,7_A,8_B,9_B,10_A,11_B,12_B,Advanced
STD_1208,1_A,2_B,3_C,4_B,5_A,6_C,7_A,8_A,9_A,10_C,11_A,12_B,NSI
STD_1209,1_C,2_C,3_B,4_A,5_B,6_B,7_A,8_B,9_B,10_A,11_B,12_B,Advanced
STD_1210,1_C,2_A,3_B,4_A,5_B,6_B,7_A,8_C,9_C,10_A,11_B,12_B,Proficient
STD_1211,1_B,2_A,3_B,4_A,5_B,6_B,7_C,8_A,9_C,10_B,11_B,12_C,Basic
STD_1212,1_C,2_A,3_B,4_B,5_B,6_B,7_A,8_B,9_B,10_A,11_B,12_B,Advanced
STD_1213,1_A,2_A,3_C,4_C,5_A,6_C,7_C,8_A,9_C,10_C,11_A,12_A,NSI
STD_1214,1_C,2_A,3_B,4_A,5_B,6_B,7_A,8_B,9_B,10_A,11_B,12_C,Advanced
STD_1215,1_A,2_C,3_C,4_B,5_C,6_A,7_B,8_C,9_A,10_B,11_A,12_C,NSI
STD_1216,1_B,2_A,3_A,4_C,5_A,6_A,7_B,8_A,9_A,10_A,11_B,12_A,Basic
STD_1217,1_A,2_B,3_C,4_B,5_A,6_C,7_A,8_A,9_C,10_C,11_A,12_C,NSI
STD_1218,1_C,2_A,3_B,4_C,5_B,6_B,7_C,8_B,9_B,10_A,11_B,12_A,Advanced
STD_1219,1_B,2_C,3_A,4_C,5_A,6_B,7_C,8_C,9_C,10_B,11_C,12_C,Basic
STD_1220,1_B,2_B,3_B,4_C,5_B,6_B,7_A,8_A,9_A,10_B,11_C,12_C,Basic
STD_1221,1_C,2_A,3_B,4_A,5_B,6_B,7_A,8_B,9_B,10_A,11_B,12_B,Advanced
STD_1222,1_B,2_A,3_A,4_C,5_A,6_B,7_B,8_B,9_B,10_C,11_C,12_C,Basic
STD_1223,1_C,2_C,3_A,4_B,5_A,6_A,7_A,8_A,9_A,10_C,11_A,12_B,NSI
STD_1224,1_B,2_A,3_A,4_B,5_C,6_B,7_B,8_B,9_C,10_A,11_A,12_A,Basic
STD_1225,1_A,2_C,3_A,4_C,5_A,6_A,7_B,8_A,9_A,10_B,11_A,12_B,NSI
STD_1226,1_C,2_B,3_A,4_B,5_C,6_C,7_B,8_A,9_A,10_A,11_A,12_A,NSI
STD_1227,1_B,2_B,3_A,4_B,5_B,6_A,7_B,8_A,9_A,10_C,11_B,12_A,NSI
STD_1228,1_A,2_B,3_A,4_B,5_C,6_C,7_C,8_A,9_A,10_C,11_A,12_C,NSI
STD_1229,1_B,2_B,3_C,4_B,5_A,6_A,7_B,8_C,9_C,10_A,11_A,12_A,Basic
STD_1230,1_B,2_A,3_A,4_A,5_B,6_A,7_A,8_B,9_B,10_A,11_C,12_B,Proficient
STD_1231,1_C,2_A,3_B,4_A,5_B,6_B,7_C,8_C,9_C,10_A,11_C,12_B,Proficient
STD_1232,1_B,2_C,3_B,4_C,5_B,6_B,7_A,8_C,9_B,10_A,11_B,12_C,Proficient
STD_1233,1_B,2_A,3_B,4_C,5_B,6_C,7_B,8_B,9_B,10_A,11_C,12_C,Proficient
STD_1234,1_C,2_C,3_B,4_C,5_A,6_B,7_C,8_B,9_B,10_A,11_C,12_C,Basic
STD_1235,1_C,2_A,3_B,4_A,5_B,6_B,7_A,8_B,9_B,10_A,11_B,12_B,Advanced
STD_1236,1_B,2_C,3_C,4_A,5_C,6_C,7_C,8_B,9_C,10_B,11_C,12_A,Basic
STD_1237,1_C,2_C,3_B,4_A,5_B,6_B,7_A,8_B,9_B,10_A,11_B,12_B,Advanced
STD_1238,1_A,2_A,3_A,4_C,5_C,6_C,7_C,8_A,9_C,10_B,11_A,12_B,NSI
STD_1239,1_A,2_B,3_C,4_B,5_C,6_A,7_A,8_A,9_A,10_B,11_B,12_C,NSI
STD_1240,1_C,2_A,3_B,4_A,5_B,6_B,7_A,8_B,9_B,10_A,11_B,12_B,Advanced
STD_1241,1_A,2_A,3_C,4_B,5_C,6_B,7_B,8_C,9_A,10_C,11_C,12_C,Basic
STD_1242,1_A,2_B,3_B,4_C,5_A,6_C,7_B,8_A,9_B,10_C,11_A,12_C,Basic
STD_1243,1_C,2_A,3_B,4_A,5_C,6_B,7_A,8_B,9_B,10_A,11_B,12_B,Proficient
STD_1244,1_A,2_B,3_C,4_B,5_C,6_C,7_C,8_A,9_A,10_C,11_A,12_B,NSI
STD_1245,1_B,2_B,3_C,4_B,5_A,6_A,7_A,8_A,9_C,10_B,11_C,12_A,NSI
STD_1246,1_A,2_C,3_A,4_B,5_A,6_B,7_A,8_A,9_A,10_B,11_A,12_A,NSI
STD_1247,1_A,2_C,3_C,4_B,5_B,6_C,7_B,8_A,9_A,10_C,11_A,12_A,NSI
STD_1248,1_A,2_B,3_A,4_B,5_A,6_A,7_A,8_B,9_B,10_C,11_A,12_A,NSI
STD_1249,1_B,2_A,3_B,4_C,5_C,6_B,7_A,8_B,9_A,10_A,11_B,12_B,Proficient
STD_1250,1_A,2_C,3_B,4_B,5_A,6_A,7_B,8_A,9_B,10_B,11_A,12_C,NSI
STD_1251,1_B,2_C,3_A,4_B,5_C,6_A,7_C,8_A,9_A,10_B,11_A,12_C,NSI
STD_1252,1_C,2_B,3_A,4_B,5_C,6_A,7_B,8_B,9_B,10_C,11_C,12_A,Basic
STD_1253,1_B,2_C,3_C,4_B,5_C,6_C,7_B,8_A,9_A,10_C,11_A,12_A,NSI
STD_1254,1_C,2_A,3_B,4_A,5_B,6_B,7_A,8_B,9_B,10_A,11_B,12_B,Advanced
STD_1255,1_C,2_B,3_B,4_C,5_C,6_B,7_B,8_A,9_A,10_B,11_C,12_A,Basic
STD_1256,1_B,2_A,3_B,4_C,5_A,6_C,7_C,8_C,9_C,10_A,11_A,12_C,Basic
STD_1257,1_A,2_C,3_A,4_A,5_A,6_A,7_B,8_B,9_C,10_C,11_A,12_A,NSI
STD_1258,1_C,2_A,3_B,4_A,5_B,6_B,7_A,8_B,9_B,10_A,11_B,12_B,Advanced
STD_1259,1_B,2_C,3_A,4_B,5_C,6_B,7_C,8_C,9_B,10_A,11_C,12_B,Basic
STD_1260,1_B,2_C,3_B,4_B,5_B,6_A,7_B,8_A,9_C,10_B,11_C,12_A,Basic
STD_1261,1_C,2_A,3_B,4_C,5_B,6_B,7_A,8_B,9_B,10_A,11_B,12_B,Advanced
STD_1262,1_A,2_B,3_C,4_A,5_A,6_C,7_C,8_A,9_A,10_C,11_A,12_C,NSI
STD_1263,1_B,2_B,3_C,4_C,5_C,6_A,7_C,8_B,9_C,10_B,11_B,12_C,Basic
STD_1264,1_C,2_A,3_B,4_A,5_B,6_B,7_C,8_B,9_C,10_B,11_B,12_A,Proficient
STD_1265,1_A,2_C,3_C,4_C,5_C,6_A,7_A,8_B,9_C,10_C,11_A,12_C,Basic
STD_1266,1_B,2_A,3_B,4_A,5_C,6_B,7_B,8_B,9_B,10_C,11_B,12_B,Proficient
STD_1267,1_B,2_A,3_C,4_A,5_C,6_B,7_A,8_C,9_C,10_C,11_C,12_C,Basic
STD_1268,1_C,2_B,3_C,4_C,5_A,6_A,7_A,8_C,9_C,10_B,11_A,12_B,Basic
STD_1269,1_C,2_A,3_B,4_C,5_B,6_B,7_C,8_B,9_B,10_A,11_B,12_C,Proficient
STD_1270,1_B,2_A,3_C,4_C,5_C,6_B,7_B,8_A,9_C,10_C,11_A,12_A,Basic
STD_1271,1_A,2_B,3_A,4_C,5_C,6_C,7_B,8_A,9_A,10_B,11_A,12_A,NSI
STD_1272,1_C,2_A,3_B,4_A,5_B,6_B,7_A,8_B,9_B,10_A,11_C,12_B,Advanced
STD_1273,1_B,2_C,3_A,4_B,5_C,6_A,7_B,8_C,9_A,10_C,11_C,12_A,NSI
STD_1274,1_B,2_A,3_B,4_A,5_C,6_C,7_C,8_C,9_C,10_B,11_A,12_A,Basic
STD_1275,1_C,2_A,3_A,4_B,5_C,6_C,7_B,8_C,9_A,10_B,11_B,12_A,NSI
STD_1276,1_A,2_B,3_C,4_C,5_C,6_A,7_B,8_B,9_A,10_B,11_C,12_B,NSI
STD_1277,1_B,2_B,3_A,4_A,5_A,6_C,7_A,8_A,9_A,10_C,11_A,12_A,NSI
STD_1278,1_B,2_A,3_A,4_C,5_A,6_B,7_A,8_B,9_A,10_C,11_C,12_A,Basic
STD_1279,1_B,2_C,3_A,4_C,5_A,6_C,7_C,8_B,9_C,10_A,11_B,12_C,Basic
STD_1280,1_C,2_C,3_C,4_C,5_C,6_C,7_B,8_C,9_A,10_B,11_A,12_C,Basic
STD_1281,1_C,2_B,3_C,4_C,5_A,6_C,7_B,8_A,9_C,10_B,11_A,12_C,NSI
STD_1282,1_C,2_A,3_B,4_C,5_A,6_C,7_C,8_B,9_B,10_A,11_A,12_C,Basic
STD_1283,1_C,2_C,3_A,4_A,5_A,6_C,7_C,8_A,9_A,10_B,11_B,12_C,NSI
STD_1284,1_A,2_C,3_C,4_B,5_A,6_C,7_C,8_A,9_A,10_C,11_C,12_C,NSI
STD_1285,1_B,2_C,3_B,4_C,5_B,6_C,7_C,8_B,9_B,10_B,11_C,12_C,Basic
STD_1286,1_A,2_C,3_C,4_B,5_A,6_A,7_B,8_C,9_B,10_B,11_B,12_C,NSI
STD_1287,1_A,2_C,3_C,4_A,5_A,6_C,7_C,8_C,9_A,10_C,11_A,12_B,Basic
STD_1288,1_A,2_A,3_B,4_C,5_B,6_A,7_A,8_C,9_C,10_A,11_B,12_C,Basic
STD_1289,1_A,2_B,3_A,4_C,5_C,6_C,7_B,8_A,9_C,10_B,11_C,12_C,NSI
STD_1290,1_B,2_A,3_B,4_C,5_C,6_B,7_C,8_C,9_A,10_A,11_B,12_C,Basic
STD_1291,1_C,2_A,3_B,4_C,5_A,6_A,7_C,8_C,9_B,10_B,11_C,12_A,Basic
STD_1292,1_C,2_A,3_B,4_A,5_B,6_B,7_B,8_B,9_B,10_A,11_B,12_B,Proficient
STD_1293,1_B,2_B,3_A,4_C,5_C,6_C,7_B,8_A,9_C,10_C,11_A,12_A,NSI
STD_1294,1_C,2_A,3_B,4_C,5_A,6_B,7_A,8_B,9_B,10_A,11_B,12_B,Proficient
STD_1295,1_B,2_A,3_C,4_C,5_B,6_B,7_A,8_B,9_B,10_A,11_B,12_B,Proficient
STD_1296,1_A,2_B,3_A,4_B,5_A,6_A,7_B,8_A,9_B,10_C,11_A,12_B,NSI
STD_1297,1_A,2_C,3_A,4_A,5_B,6_A,7_B,8_A,9_C,10_C,11_B,12_A,NSI
STD_1298,1_B,2_A,3_B,4_A,5_B,6_C,7_B,8_A,9_C,10_B,11_C,12_C,Basic
STD_1299,1_B,2_B,3_C,4_B,5_C,6_C,7_B,8_A,9_A,10_B,11_C,12_A,NSI
STD_1300,1_C,2_A,3_C,4_B,5_C,6_B,7_B,8_B,9_C,10_C,11_C,12_A,Basic
STD_1301,1_C,2_A,3_A,4_A,5_A,6_A,7_C,8_C,9_C,10_B,11_C,12_A,Basic
STD_1302,1_B,2_C,3_B,4_C,5_C,6_B,7_B,8_C,9_A,10_C,11_C,12_B,Basic
STD_1303,1_C,2_B,3_B,4_C,5_B,6_A,7_B,8_B,9_C,10_A,11_B,12_A,Basic
STD_1304,1_C,2_B,3_B,4_A,5_C,6_B,7_B,8_C,9_A,10_C,11_C,12_A,Basic
STD_1305,1_A,2_C,3_A,4_B,5_C,6_C,7_B,8_A,9_A,10_B,11_A,12_C,NSI
STD_1306,1_A,2_A,3_A,4_C,5_C,6_C,7_A,8_C,9_C,10_C,11_B,12_B,Basic
STD_1307,1_A,2_A,3_B,4_C,5_A,6_A,7_C,8_C,9_C,10_C,11_A,12_C,Basic
STD_1308,1_C,2_B,3_B,4_C,5_A,6_A,7_A,8_C,9_C,10_C,11_B,12_A,Basic
STD_1309,1_B,2_B,3_B,4_C,5_A,6_C,7_B,8_B,9_B,10_B,11_A,12_C,Basic
STD_1310,1_B,2_A,3_A,4_B,5_C,6_B,7_B,8_C,9_A,10_C,11_C,12_A,Basic
STD_1311,1_C,2_A,3_C,4_A,5_B,6_B,7_A,8_B,9_B,10_A,11_C,12_A,Proficient
STD_1312,1_C,2_A,3_B,4_A,5_B,6_B,7_A,8_B,9_B,10_A,11_B,12_B,Advanced
STD_1313,1_B,2_C,3_B,4_B,5_C,6_C,7_C,8_C,9_C,10_B,11_B,12_A,Basic
STD_1314,1_C,2_B,3_B,4_A,5_B,6_B,7_B,8_B,9_B,10_A,11_B,12_B,Proficient
STD_1315,1_C,2_A,3_B,4_C,5_B,6_C,7_A,8_B,9_C,10_C,11_C,12_C,Basic
STD_1316,1_B,2_A,3_B,4_A,5_B,6_B,7_C,8_B,9_B,10_B,11_B,12_C,Proficient
STD_1317,1_A,2_C,3_A,4_B,5_B,6_C,7_A,8_A,9_A,10_C,11_A,12_A,NSI
STD_1318,1_C,2_A,3_B,4_A,5_A,6_A,7_A,8_B,9_C,10_C,11_B,12_C,Proficient
STD_1319,1_B,2_C,3_C,4_B,5_A,6_A,7_B,8_B,9_A,10_C,11_A,12_C,NSI
STD_1320,1_C,2_A,3_B,4_A,5_B,6_B,7_A,8_A,9_B,10_A,11_C,12_B,Proficient
STD_1321,1_B,2_C,3_A,4_C,5_A,6_C,7_B,8_B,9_C,10_B,11_B,12_A,Basic
STD_1322,1_B,2_A,3_A,4_C,5_A,6_A,7_B,8_A,9_A,10_B,11_C,12_C,Basic
STD_1323,1_B,2_A,3_B,4_A,5_B,6_B,7_A,8_B,9_B,10_A,11_B,12_C,Proficient
STD_1324,1_C,2_A,3_B,4_A,5_B,6_B,7_A,8_B,9_B,10_A,11_B,12_B,Advanced
STD_1325,1_C,2_A,3_B,4_A,5_B,6_B,7_A,8_B,9_B,10_A,11_B,12_B,Advanced
STD_1326,1_B,2_B,3_A,4_B,5_C,6_C,7_B,8_C,9_C,10_B,11_A,12_A,NSI
STD_1327,1_C,2_A,3_B,4_A,5_B,6_B,7_A,8_B,9_C,10_B,11_B,12_B,Proficient
STD_1328,1_B,2_C,3_C,4_A,5_C,6_A,7_C,8_A,9_C,10_B,11_B,12_C,NSI
STD_1329,1_C,2_B,3_A,4_A,5_A,6_B,7_A,8_A,9_C,10_B,11_B,12_A,Basic
STD_1330,1_B,2_C,3_C,4_C,5_A,6_A,7_C,8_B,9_A,10_C,11_A,12_A,NSI
STD_1331,1_A,2_A,3_B,4_A,5_A,6_B,7_A,8_C,9_A,10_A,11_B,12_B,Proficient
STD_1332,1_B,2_B,3_A,4_A,5_A,6_B,7_B,8_A,9_B,10_A,11_B,12_C,Basic
STD_1333,1_B,2_A,3_B,4_A,5_C,6_B,7_A,8_C,9_C,10_B,11_C,12_B,Basic
STD_1334,1_B,2_C,3_A,4_B,5_C,6_C,7_C,8_A,9_A,10_C,11_A,12_A,NSI
STD_1335,1_C,2_A,3_B,4_A,5_B,6_B,7_A,8_B,9_B,10_A,11_B,12_C,Advanced
STD_1336,1_C,2_A,3_B,4_A,5_B,6_B,7_A,8_B,9_B,10_A,11_B,12_B,Advanced
STD_1337,1_C,2_A,3_B,4_A,5_B,6_B,7_A,8_B,9_B,10_A,11_B,12_B,Proficient
STD_1338,1_A,2_C,3_B,4_C,5_B,6_B,7_B,8_C,9_B,10_A,11_C,12_B,Proficient
STD_1339,1_B,2_A,3_B,4_A,5_B,6_B,7_A,8_B,9_B,10_A,11_B,12_B,Proficient
STD_1340,1_C,2_A,3_B,4_A,5_B,6_B,7_A,8_B,9_B,10_A,11_B,12_B,Advanced
STD_1341,1_B,2_A,3_B,4_A,5_C,6_B,7_B,8_C,9_B,10_C,11_B,12_A,Basic
STD_1342,1_B,2_C,3_A,4_B,5_B,6_B,7_C,8_B,9_C,10_C,11_A,12_C,Basic
STD_1343,1_B,2_A,3_B,4_A,5_C,6_B,7_A,8_B,9_B,10_A,11_A,12_B,Proficient
STD_1344,1_C,2_A,3_B,4_A,5_B,6_B,7_A,8_B,9_B,10_A,11_B,12_B,Advanced
STD_1345,1_B,2_A,3_B,4_A,5_A,6_B,7_A,8_B,9_B,10_A,11_B,12_B,Advanced
STD_1346,1_C,2_A,3_B,4_A,5_A,6_B,7_A,8_C,9_C,10_A,11_B,12_A,Proficient
STD_1347,1_A,2_C,3_C,4_B,5_B,6_C,7_B,8_A,9_A,10_B,11_B,12_A,NSI
STD_1348,1_A,2_C,3_C,4_B,5_C,6_C,7_A,8_B,9_A,10_B,11_A,12_C,NSI
STD_1349,1_C,2_C,3_A,4_B,5_A,6_C,7_B,8_C,9_B,10_A,11_C,12_A,Basic
STD_1350,1_C,2_B,3_A,4_C,5_A,6_A,7_A,8_B,9_C,10_A,11_B,12_C,Basic
STD_1351,1_A,2_B,3_C,4_A,5_C,6_A,7_B,8_C,9_A,10_C,11_A,12_C,NSI
STD_1352,1_A,2_B,3_C,4_B,5_A,6_A,7_C,8_A,9_A,10_A,11_A,12_C,NSI
STD_1353,1_C,2_A,3_B,4_A,5_C,6_B,7_B,8_B,9_B,10_A,11_B,12_B,Proficient
STD_1354,1_A,2_B,3_C,4_B,5_C,6_C,7_B,8_A,9_C,10_C,11_A,12_C,NSI
STD_1355,1_C,2_A,3_B,4_A,5_C,6_B,7_A,8_A,9_B,10_A,11_C,12_B,Proficient
STD_1356,1_B,2_A,3_B,4_C,5_C,6_B,7_B,8_B,9_A,10_C,11_B,12_B,Basic
STD_1357,1_C,2_A,3_B,4_B,5_B,6_B,7_A,8_B,9_C,10_A,11_C,12_C,Proficient
STD_1358,1_B,2_A,3_B,4_C,5_A,6_A,7_B,8_A,9_C,10_B,11_B,12_B,Basic
STD_1359,1_A,2_B,3_C,4_B,5_B,6_C,7_C,8_C,9_A,10_C,11_C,12_C,NSI
STD_1360,1_C,2_A,3_B,4_A,5_B,6_B,7_C,8_B,9_B,10_A,11_B,12_B,Advanced
STD_1361,1_C,2_A,3_A,4_C,5_B,6_A,7_B,8_B,9_B,10_A,11_C,12_A,Basic
STD_1362,1_A,2_C,3_A,4_C,5_A,6_A,7_C,8_A,9_C,10_C,11_A,12_C,NSI
STD_1363,1_C,2_B,3_A,4_A,5_A,6_C,7_B,8_A,9_B,10_B,11_A,12_A,NSI
STD_1364,1_A,2_C,3_A,4_B,5_A,6_C,7_A,8_A,9_A,10_B,11_C,12_C,NSI
STD_1365,1_B,2_C,3_C,4_B,5_B,6_C,7_C,8_A,9_A,10_C,11_C,12_C,NSI
STD_1366,1_C,2_A,3_B,4_C,5_A,6_B,7_C,8_B,9_B,10_A,11_B,12_B,Proficient
STD_1367,1_C,2_B,3_C,4_C,5_A,6_C,7_B,8_B,9_A,10_A,11_C,12_A,Basic
STD_1368,1_A,2_C,3_C,4_B,5_B,6_A,7_B,8_A,9_C,10_C,11_A,12_B,NSI
STD_1369,1_A,2_B,3_C,4_B,5_A,6_A,7_C,8_A,9_C,10_B,11_A,12_C,NSI
STD_1370,1_C,2_A,3_B,4_A,5_B,6_B,7_A,8_B,9_B,10_A,11_A,12_B,Advanced
STD_1371,1_B,2_C,3_A,4_C,5_A,6_C,7_C,8_A,9_A,10_B,11_A,12_C,NSI
STD_1372,1_B,2_A,3_C,4_C,5_C,6_B,7_A,8_B,9_B,10_A,11_C,12_B,Basic
STD_1373,1_B,2_A,3_C,4_B,5_A,6_A,7_C,8_C,9_B,10_A,11_C,12_C,Basic
STD_1374,1_B,2_C,3_B,4_C,5_C,6_B,7_B,8_C,9_C,10_C,11_C,12_A,Basic
STD_1375,1_A,2_B,3_A,4_A,5_C,6_A,7_B,8_A,9_C,10_C,11_C,12_A,Basic
STD_1376,1_C,2_A,3_B,4_A,5_B,6_B,7_A,8_B,9_B,10_A,11_C,12_A,Proficient
STD_1377,1_B,2_C,3_B,4_B,5_B,6_C,7_C,8_C,9_C,10_C,11_B,12_A,Basic
STD_1378,1_A,2_C,3_A,4_C,5_A,6_A,7_A,8_A,9_A,10_B,11_B,12_A,NSI
STD_1379,1_B,2_C,3_C,4_A,5_A,6_C,7_B,8_A,9_A,10_B,11_A,12_A,NSI
STD_1380,1_C,2_A,3_B,4_A,5_B,6_B,7_A,8_B,9_B,10_A,11_B,12_B,Advanced
STD_1381,1_A,2_C,3_B,4_C,5_A,6_C,7_B,8_A,9_A,10_C,11_A,12_B,NSI
STD_1382,1_A,2_A,3_B,4_C,5_A,6_B,7_C,8_B,9_C,10_C,11_C,12_C,Basic
STD_1383,1_B,2_A,3_C,4_A,5_A,6_C,7_C,8_B,9_B,10_B,11_C,12_C,Basic
STD_1384,1_B,2_C,3_B,4_A,5_A,6_C,7_C,8_C,9_A,10_C,11_B,12_B,Basic
STD_1385,1_A,2_B,3_A,4_B,5_C,6_C,7_B,8_C,9_C,10_B,11_A,12_A,NSI
STD_1386,1_C,2_B,3_B,4_C,5_A,6_B,7_B,8_C,9_B,10_C,11_B,12_B,Basic
STD_1387,1_A,2_C,3_A,4_B,5_B,6_A,7_A,8_A,9_A,10_C,11_A,12_C,NSI
STD_1388,1_A,2_C,3_A,4_B,5_A,6_A,7_A,8_B,9_A,10_B,11_C,12_C,NSI
STD_1389,1_B,2_A,3_A,4_C,5_A,6_C,7_B,8_B,9_C,10_A,11_C,12_B,Basic
STD_1390,1_A,2_C,3_C,4_B,5_B,6_C,7_A,8_A,9_A,10_C,11_A,12_B,NSI
STD_1391,1_C,2_B,3_B,4_C,5_C,6_A,7_B,8_C,9_B,10_B,11_C,12_C,Basic
STD_1392,1_A,2_B,3_C,4_A,5_B,6_A,7_B,8_A,9_A,10_B,11_A,12_B,NSI
STD_1393,1_B,2_C,3_C,4_B,5_C,6_A,7_C,8_A,9_A,10_B,11_A,12_B,NSI
STD_1394,1_C,2_A,3_B,4_A,5_A,6_B,7_A,8_B,9_B,10_A,11_B,12_B,Advanced
STD_1395,1_C,2_B,3_A,4_B,5_B,6_A,7_B,8_A,9_A,10_B,11_A,12_B,NSI
STD_1396,1_A,2_C,3_C,4_B,5_A,6_A,7_B,8_A,9_A,10_B,11_A,12_A,NSI
STD_1397,1_B,2_B,3_B,4_A,5_A,6_C,7_C,8_C,9_C,10_C,11_A,12_A,Basic
STD_1398,1_C,2_A,3_B,4_C,5_B,6_B,7_C,8_B,9_C,10_A,11_C,12_B,Proficient
STD_1399,1_C,2_A,3_B,4_A,5_B,6_C,7_A,8_B,9_B,10_A,11_B,12_B,Proficient
STD_1400,1_C,2_A,3_B,4_A,5_B,6_B,7_C,8_B,9_B,10_C,11_B,12_B,Proficient
STD_1401,1_B,2_C,3_A,4_B,5_A,6_B,7_A,8_A,9_C,10_C,11_A,12_B,NSI
STD_1402,1_A,2_C,3_A,4_C,5_C,6_C,7_A,8_A,9_B,10_C,11_A,12_A,NSI
STD_1403,1_C,2_A,3_B,4_A,5_B,6_B,7_C,8_C,9_B,10_A,11_B,12_B,Proficient
STD_1404,1_C,2_A,3_A,4_A,5_C,6_A,7_B,8_C,9_A,10_A,11_C,12_A,Basic
STD_1405,1_C,2_A,3_B,4_A,5_B,6_B,7_A,8_B,9_B,10_A,11_B,12_B,Proficient
STD_1406,1_A,2_B,3_C,4_B,5_B,6_B,7_B,8_C,9_C,10_A,11_A,12_C,NSI
STD_1407,1_A,2_B,3_C,4_B,5_A,6_A,7_A,8_C,9_B,10_B,11_A,12_C,NSI
STD_1408,1_C,2_A,3_C,4_B,5_B,6_A,7_A,8_B,9_B,10_A,11_A,12_A,Basic
STD_1409,1_C,2_A,3_B,4_A,5_B,6_C,7_A,8_B,9_B,10_A,11_B,12_A,Advanced
STD_1410,1_C,2_A,3_B,4_A,5_B,6_B,7_A,8_B,9_C,10_A,11_B,12_B,Advanced
STD_1411,1_A,2_B,3_C,4_B,5_C,6_C,7_C,8_B,9_A,10_C,11_C,12_C,NSI
STD_1412,1_B,2_B,3_B,4_C,5_C,6_A,7_C,8_A,9_C,10_A,11_C,12_A,Basic
STD_1413,1_A,2_B,3_B,4_C,5_A,6_B,7_A,8_A,9_B,10_C,11_A,12_A,Basic
STD_1414,1_B,2_B,3_C,4_C,5_C,6_C,7_C,8_A,9_B,10_C,11_A,12_B,Basic
STD_1415,1_C,2_A,3_B,4_A,5_B,6_B,7_A,8_B,9_C,10_A,11_B,12_B,Advanced
STD_1416,1_C,2_A,3_B,4_C,5_C,6_B,7_A,8_C,9_B,10_A,11_B,12_B,Advanced
STD_1417,1_C,2_B,3_A,4_B,5_A,6_A,7_B,8_B,9_A,10_C,11_A,12_C,NSI
STD_1418,1_A,2_B,3_B,4_C,5_A,6_A,7_B,8_C,9_A,10_B,11_C,12_C,NSI
STD_1419,1_A,2_B,3_A,4_A,5_C,6_C,7_B,8_A,9_A,10_C,11_C,12_C,NSI
STD_1420,1_C,2_A,3_B,4_A,5_B,6_B,7_A,8_B,9_B,10_C,11_B,12_A,Proficient
STD_1421,1_A,2_C,3_C,4_B,5_C,6_A,7_A,8_A,9_A,10_B,11_A,12_B,NSI
STD_1422,1_B,2_A,3_B,4_C,5_C,6_B,7_B,8_C,9_B,10_A,11_B,12_C,Proficient
STD_1423,1_A,2_C,3_A,4_B,5_B,6_C,7_B,8_A,9_A,10_B,11_B,12_A,NSI
STD_1424,1_C,2_C,3_B,4_A,5_A,6_C,7_A,8_B,9_A,10_A,11_A,12_A,Basic
STD_1425,1_C,2_A,3_A,4_B,5_A,6_B,7_B,8_B,9_C,10_A,11_B,12_B,Basic
STD_1426,1_A,2_B,3_C,4_A,5_C,6_A,7_C,8_A,9_A,10_C,11_A,12_B,NSI
STD_1427,1_A,2_A,3_B,4_C,5_C,6_A,7_C,8_A,9_A,10_C,11_B,12_B,Basic
STD_1428,1_C,2_A,3_B,4_A,5_A,6_B,7_A,8_B,9_A,10_A,11_C,12_B,Proficient
STD_1429,1_A,2_C,3_A,4_B,5_A,6_B,7_C,8_A,9_B,10_C,11_C,12_A,NSI
STD_1430,1_B,2_C,3_C,4_B,5_B,6_C,7_A,8_A,9_C,10_A,11_A,12_A,NSI
STD_1431,1_B,2_A,3_A,4_A,5_A,6_C,7_C,8_B,9_C,10_B,11_B,12_C,Basic
STD_1432,1_A,2_B,3_C,4_B,5_C,6_A,7_B,8_B,9_C,10_C,11_C,12_A,Basic
STD_1433,1_C,2_A,3_B,4_A,5_B,6_B,7_A,8_B,9_B,10_A,11_B,12_B,Advanced
STD_1434,1_C,2_A,3_B,4_C,5_B,6_B,7_A,8_B,9_A,10_A,11_C,12_B,Proficient
STD_1435,1_B,2_C,3_B,4_C,5_B,6_A,7_C,8_B,9_C,10_C,11_A,12_B,Basic
STD_1436,1_C,2_B,3_C,4_A,5_C,6_A,7_B,8_B,9_C,10_A,11_B,12_B,Basic
STD_1437,1_B,2_C,3_B,4_B,5_A,6_C,7_C,8_C,9_C,10_A,11_B,12_C,Basic
STD_1438,1_C,2_A,3_B,4_A,5_B,6_B,7_A,8_B,9_B,10_A,11_B,12_B,Advanced
STD_1439,1_A,2_B,3_A,4_B,5_B,6_A,7_C,8_A,9_A,10_B,11_A,12_A,NSI
STD_1440,1_C,2_C,3_C,4_B,5_A,6_C,7_C,8_A,9_A,10_C,11_A,12_B,NSI
STD_1441,1_B,2_C,3_B,4_C,5_A,6_C,7_C,8_B,9_C,10_A,11_C,12_B,Basic
STD_1442,1_A,2_A,3_B,4_B,5_A,6_A,7_C,8_C,9_B,10_C,11_B,12_C,Basic
STD_1443,1_B,2_B,3_A,4_C,5_A,6_B,7_B,8_A,9_A,10_C,11_C,12_A,Basic
STD_1444,1_A,2_C,3_B,4_C,5_B,6_C,7_A,8_B,9_C,10_A,11_C,12_B,Basic
STD_1445,1_B,2_B,3_C,4_B,5_A,6_C,7_A,8_C,9_B,10_B,11_A,12_A,NSI
STD_1446,1_C,2_A,3_B,4_A,5_B,6_B,7_A,8_B,9_B,10_A,11_B,12_B,Advanced
STD_1447,1_B,2_C,3_B,4_A,5_B,6_A,7_C,8_A,9_C,10_B,11_B,12_C,Basic
STD_1448,1_A,2_C,3_A,4_B,5_B,6_A,7_A,8_A,9_A,10_C,11_A,12_C,NSI
STD_1449,1_C,2_A,3_B,4_A,5_C,6_B,7_C,8_C,9_C,10_B,11_C,12_C,Basic
STD_1450,1_C,2_A,3_B,4_A,5_B,6_B,7_B,8_B,9_A,10_A,11_B,12_B,Proficient
STD_1451,1_C,2_A,3_C,4_A,5_C,6_B,7_C,8_C,9_C,10_B,11_C,12_A,Basic
STD_1452,1_A,2_A,3_A,4_C,5_A,6_B,7_B,8_A,9_A,10_A,11_C,12_A,Basic
STD_1453,1_C,2_C,3_A,4_A,5_C,6_B,7_C,8_C,9_C,10_A,11_C,12_B,Basic
STD_1454,1_A,2_B,3_A,4_B,5_A,6_B,7_A,8_C,9_A,10_A,11_C,12_C,Basic
STD_1455,1_A,2_C,3_C,4_B,5_B,6_C,7_B,8_A,9_A,10_C,11_A,12_A,NSI
STD_1456,1_A,2_B,3_A,4_B,5_A,6_B,7_B,8_A,9_A,10_A,11_B,12_A,NSI
STD_1457,1_C,2_C,3_A,4_C,5_A,6_A,7_B,8_C,9_C,10_C,11_A,12_A,Basic
STD_1458,1_C,2_A,3_B,4_A,5_C,6_B,7_A,8_B,9_B,10_A,11_B,12_B,Advanced
STD_1459,1_B,2_A,3_B,4_A,5_C,6_B,7_A,8_B,9_B,10_A,11_B,12_B,Proficient
STD_1460,1_C,2_A,3_B,4_A,5_B,6_B,7_A,8_B,9_C,10_B,11_B,12_B,Proficient
STD_1461,1_A,2_A,3_B,4_C,5_A,6_A,7_A,8_B,9_B,10_A,11_B,12_A,Basic
STD_1462,1_A,2_B,3_A,4_B,5_C,6_B,7_B,8_B,9_A,10_B,11_A,12_A,NSI
STD_1463,1_C,2_A,3_B,4_A,5_B,6_B,7_A,8_C,9_C,10_A,11_C,12_B,Proficient
STD_1464,1_B,2_C,3_B,4_A,5_C,6_A,7_A,8_C,9_C,10_A,11_B,12_A,Basic
STD_1465,1_A,2_B,3_C,4_B,5_C,6_C,7_B,8_A,9_A,10_C,11_B,12_C,NSI
STD_1466,1_B,2_B,3_B,4_B,5_B,6_C,7_B,8_A,9_C,10_C,11_C,12_A,Basic
STD_1467,1_B,2_C,3_C,4_A,5_C,6_B,7_A,8_C,9_B,10_C,11_C,12_C,Basic
STD_1468,1_C,2_C,3_A,4_C,5_B,6_B,7_C,8_B,9_B,10_A,11_B,12_A,Proficient
STD_1469,1_C,2_C,3_A,4_A,5_C,6_C,7_A,8_C,9_A,10_A,11_C,12_A,Basic
STD_1470,1_C,2_A,3_B,4_A,5_B,6_B,7_A,8_C,9_B,10_A,11_C,12_B,Proficient
STD_1471,1_C,2_B,3_A,4_C,5_A,6_A,7_C,8_C,9_C,10_A,11_A,12_B,Basic
STD_1472,1_C,2_A,3_B,4_A,5_B,6_B,7_A,8_B,9_B,10_A,11_B,12_B,Advanced
STD_1473,1_B,2_B,3_C,4_C,5_A,6_A,7_B,8_B,9_A,10_C,11_A,12_A,NSI
STD_1474,1_B,2_C,3_B,4_A,5_C,6_B,7_B,8_C,9_B,10_A,11_C,12_B,Basic
STD_1475,1_C,2_A,3_C,4_A,5_A,6_A,7_A,8_C,9_B,10_A,11_B,12_C,Basic
STD_1476,1_C,2_A,3_A,4_A,5_C,6_C,7_B,8_C,9_A,10_A,11_C,12_B,Proficient
STD_1477,1_A,2_B,3_A,4_B,5_C,6_A,7_B,8_A,9_A,10_B,11_A,12_C,NSI
STD_1478,1_A,2_A,3_A,4_A,5_C,6_A,7_A,8_A,9_B,10_C,11_C,12_C,Basic
STD_1479,1_B,2_B,3_A,4_A,5_A,6_B,7_B,8_C,9_C,10_A,11_C,12_C,Basic
STD_1480,1_A,2_C,3_A,4_B,5_B,6_A,7_C,8_A,9_A,10_C,11_C,12_C,NSI
STD_1481,1_A,2_C,3_C,4_B,5_A,6_A,7_C,8_B,9_A,10_B,11_C,12_A,NSI
STD_1482,1_B,2_A,3_A,4_B,5_C,6_B,7_B,8_B,9_C,10_A,11_A,12_B,Basic
STD_1483,1_C,2_A,3_B,4_A,5_B,6_B,7_A,8_B,9_B,10_A,11_B,12_B,Advanced
STD_1484,1_A,2_C,3_C,4_B,5_A,6_C,7_A,8_A,9_C,10_C,11_A,12_C,NSI
STD_1485,1_C,2_A,3_A,4_C,5_C,6_C,7_B,8_A,9_C,10_C,11_C,12_A,Basic
STD_1486,1_C,2_A,3_B,4_A,5_B,6_B,7_A,8_B,9_B,10_C,11_B,12_B,Proficient
STD_1487,1_B,2_A,3_B,4_C,5_B,6_B,7_C,8_B,9_B,10_A,11_B,12_C,Basic
STD_1488,1_B,2_B,3_A,4_B,5_C,6_C,7_B,8_A,9_A,10_C,11_C,12_C,NSI
STD_1489,1_C,2_A,3_B,4_A,5_B,6_C,7_A,8_B,9_B,10_A,11_B,12_B,Advanced
STD_1490,1_A,2_C,3_A,4_A,5_B,6_C,7_B,8_C,9_B,10_A,11_B,12_C,Basic
STD_1491,1_C,2_C,3_B,4_C,5_B,6_B,7_B,8_B,9_B,10_B,11_B,12_B,Proficient
STD_1492,1_C,2_B,3_B,4_A,5_B,6_B,7_A,8_C,9_B,10_A,11_B,12_A,Advanced
STD_1493,1_A,2_B,3_A,4_B,5_B,6_C,7_B,8_A,9_C,10_B,11_B,12_C,NSI
STD_1494,1_C,2_B,3_A,4_A,5_A,6_A,7_B,8_A,9_A,10_B,11_B,12_A,Basic
STD_1495,1_B,2_A,3_B,4_B,5_C,6_B,7_C,8_A,9_B,10_B,11_C,12_A,Basic
STD_1496,1_B,2_A,3_B,4_A,5_B,6_B,7_A,8_B,9_B,10_A,11_B,12_B,Advanced
STD_1497,1_C,2_C,3_B,4_A,5_B,6_B,7_A,8_A,9_B,10_A,11_B,12_A,Proficient
STD_1498,1_C,2_B,3_C,4_B,5_B,6_C,7_A,8_A,9_C,10_B,11_A,12_B,NSI
STD_1499,1_B,2_C,3_B,4_C,5_B,6_A,7_B,8_B,9_A,10_B,11_C,12_C,Basic
STD_1500,1_A,2_C,3_A,4_B,5_C,6_B,7_B,8_B,9_A,10_C,11_A,12_B,NSI
